id,first_name,last_name,email,gender,ip_address,Money
1,Denise,Coleman,dcoleman0@washingtonpost.com,Female,622b:2b70:e610:c68b:a980:dcd9:2b65:5b66,$7.34
2,Harold,Rice,hrice1@phpbb.com,Male,d32b:4d40:af88:d963:796a:fd3e:c138:4877,$9.50
3,Wayne,Little,wlittle2@soundcloud.com,Male,2890:6a83:dd98:ab1d:630d:2fa1:b83d:db0b,$5.67
4,Roy,Mitchell,rmitchell3@google.com,Male,e2f5:27b6:d3a0:a19:5785:38e3:fb9d:48c,$2.62
5,Eugene,Morgan,emorgan4@dailymotion.com,Male,9814:cf33:446e:a0a0:32e7:b7d6:1bb6:c82d,$4.88
6,Teresa,Gilbert,tgilbert5@mtv.com,Female,a497:5c1b:7af3:8497:9830:e739:46c3:964d,$3.83
7,William,Cruz,wcruz6@forbes.com,Male,52db:4b33:597f:f4bd:be71:be36:2900:384e,$7.09
8,Lori,Ray,lray7@merriam-webster.com,Female,8bfa:f93:b7c2:2299:193c:7c65:c155:2be7,$7.29
9,James,Jackson,jjackson8@mapquest.com,Male,9d1c:4117:8286:9dd6:6709:7819:8cf1:66ec,$6.01
10,Douglas,Marshall,dmarshall9@comcast.net,Male,d50b:4338:d5c8:b09a:c0ab:f293:29bd:43e3,$5.67
11,Edward,Gordon,egordona@php.net,Male,de67:9ec3:902a:7a0b:1188:ddcc:800d:f0a0,$9.95
12,Deborah,Woods,dwoodsb@techcrunch.com,Female,a9a2:51cf:a221:8b83:3c00:d375:ac5e:3b55,$8.51
13,Michelle,Matthews,mmatthewsc@ted.com,Female,bbc7:3999:7199:7e4f:3fc7:f302:14b9:af97,$3.14
14,Robin,Hanson,rhansond@tiny.cc,Female,aa14:1c8:82e2:f9ba:6bb4:cca:fbba:76d6,$7.31
15,William,Gonzales,wgonzalese@epa.gov,Male,34d6:2b76:49d8:cd36:88ee:af46:c2cf:414f,$1.31
16,Joan,Sims,jsimsf@opera.com,Female,13af:94d:b830:38af:faa4:205f:a92e:b062,$0.41
17,Roy,Smith,rsmithg@scientificamerican.com,Male,b076:efbe:f2e:ff09:6e83:ed38:93ba:4454,$0.89
18,Diane,Freeman,dfreemanh@oracle.com,Female,59a:ec22:4d88:fcda:837:3815:157:ce93,$0.17
19,Jerry,Murphy,jmurphyi@mac.com,Male,ab0a:2cbe:57b7:ee7d:2c32:804d:1976:906,$0.66
20,Diane,Arnold,darnoldj@addthis.com,Female,fc47:a4c7:cba9:82d9:80c0:67d7:a877:a00e,$4.62
21,Juan,Romero,jromerok@forbes.com,Male,7a1b:5e1f:3602:4a:2458:d0c9:5415:fbe3,$1.82
22,Gregory,Castillo,gcastillol@wikipedia.org,Male,3798:5aad:c01e:da41:4150:efe3:d6e:2876,$2.87
23,Debra,Howell,dhowellm@japanpost.jp,Female,21a8:91f5:16e2:10a9:2834:a20:840d:7f81,$8.29
24,Carol,Thomas,cthomasn@ebay.com,Female,165c:b72:ff93:3e74:6bd3:1d98:21e7:22fd,$9.92
25,Louis,Gonzalez,lgonzalezo@jigsy.com,Male,5a17:5d27:4ee:20c9:67c5:d4c2:8486:1b53,$1.24
26,Emily,Butler,ebutlerp@cnn.com,Female,1dd1:3cee:f8ef:f418:251e:acb3:e70d:9940,$5.78
27,Kathleen,Wright,kwrightq@rambler.ru,Female,439d:9521:c4e0:dabf:cf2f:c933:6818:e11f,$5.50
28,Phyllis,Gibson,pgibsonr@msu.edu,Female,e9:e5cc:76cc:3fce:6dae:96ca:bf47:7b3a,$1.66
29,Karen,Jones,kjoness@dion.ne.jp,Female,dede:54f6:a6ce:9dff:8701:79bb:898c:971c,$6.04
30,Jessica,King,jkingt@ezinearticles.com,Female,1546:ed3f:f098:3401:81ad:4ed4:7cc0:971a,$0.03
31,Julia,Burke,jburkeu@trellian.com,Female,7b46:669:fe50:7a50:2e70:4907:161:cb22,$2.05
32,Kathryn,Fuller,kfullerv@domainmarket.com,Female,92b:7d94:5aec:84f7:d9ea:7ac:ad24:3d23,$4.55
33,Theresa,Riley,trileyw@unicef.org,Female,26bc:f15b:f433:9c04:c126:e3f:ba66:626f,$0.00
34,Mary,Larson,mlarsonx@xrea.com,Female,3bcb:6eb2:97e6:608b:523b:8cc:665e:725d,$0.79
35,Daniel,Lawson,dlawsony@weebly.com,Male,1b1a:dc1d:38b8:abb0:ff97:d9ee:2d43:93c0,$2.74
36,Brian,Black,bblackz@blogtalkradio.com,Male,56c4:e7d1:d5b7:55ae:2a00:92c:436e:4755,$8.79
37,Evelyn,Armstrong,earmstrong10@unblog.fr,Female,9bb0:ebeb:c72c:e420:5833:e555:7c88:b315,$6.56
38,Bonnie,Knight,bknight11@shareasale.com,Female,17bf:b199:4287:19f7:33bf:84b4:ff7c:234d,$1.80
39,Joshua,Lane,jlane12@amazon.co.jp,Male,4f6:f9f9:f5a0:1a6f:fe14:2ee1:cc0:e3d6,$1.27
40,Heather,Phillips,hphillips13@networkadvertising.org,Female,8ab4:ff4:2cb7:e042:8694:a975:3026:49dd,$5.10
41,Judith,Bennett,jbennett14@feedburner.com,Female,a766:f24a:efc3:1eda:eb21:b326:dfb8:57a5,$3.37
42,Antonio,Edwards,aedwards15@shutterfly.com,Male,2a7e:d25e:81ac:2af1:f0af:67e5:af2d:90cb,$9.64
43,Sean,Carter,scarter16@webnode.com,Male,1781:9467:e676:6a54:7d30:e9be:36f3:f7e,$3.21
44,Katherine,Nguyen,knguyen17@usatoday.com,Female,50d6:be01:7814:c5d0:ed51:4668:18ba:3ba4,$0.78
45,Jennifer,Lane,jlane18@illinois.edu,Female,1444:13e1:ae26:8d8c:4739:c6c1:75c8:995f,$1.09
46,Julie,Frazier,jfrazier19@scribd.com,Female,e772:6420:8b92:ea4e:3979:2542:7039:a05b,$4.48
47,Carol,Webb,cwebb1a@ifeng.com,Female,788c:754:ec05:2121:cdaa:345b:1414:b4aa,$2.17
48,Melissa,Miller,mmiller1b@hostgator.com,Female,d225:6cb8:fb07:48f0:270d:5511:34a:2d1d,$8.50
49,Brandon,Phillips,bphillips1c@army.mil,Male,5f0e:71b6:bcce:4010:e998:9f86:57e9:f929,$2.50
50,Frances,Carr,fcarr1d@squidoo.com,Female,3559:ecb1:1450:9131:9719:90a4:34cd:abe7,$9.17
51,Gerald,Stevens,gstevens1e@salon.com,Male,fc44:164d:de85:11d1:5dfd:3de6:fd2d:2d5b,$8.93
52,Sandra,Russell,srussell1f@addtoany.com,Female,cb90:a950:f9c3:538f:fa46:9813:b0f7:969c,$7.44
53,Martha,Rose,mrose1g@nhs.uk,Female,c8f0:c638:75af:ceb1:ce8b:94a2:af92:2dfa,$4.70
54,Mildred,Bailey,mbailey1h@wikispaces.com,Female,32b1:1ee5:36d0:7722:1c2b:4b2c:540f:adf7,$6.42
55,Benjamin,Martinez,bmartinez1i@printfriendly.com,Male,c63f:21f2:ef69:6f02:c694:3589:6434:fda5,$8.59
56,Jennifer,Ramos,jramos1j@dot.gov,Female,1cb7:8abc:505c:fd25:ed68:4020:eb2f:b47,$9.50
57,Kimberly,Stanley,kstanley1k@yale.edu,Female,b5ff:8082:c885:28d5:2eac:de94:6cde:42a7,$3.49
58,Phyllis,Nguyen,pnguyen1l@uol.com.br,Female,38a4:c9cc:2315:dedd:7ae5:145f:5ece:bf4c,$7.73
59,Lois,Vasquez,lvasquez1m@xrea.com,Female,6c9c:dcf:d921:8300:bd1f:7f51:d85b:c8f8,$4.47
60,Mildred,Gomez,mgomez1n@homestead.com,Female,e641:a295:fe73:7b36:72a7:3b19:a631:714f,$8.59
61,Jennifer,Moreno,jmoreno1o@theatlantic.com,Female,515:593c:b56f:b544:7660:8a43:7d:3e0c,$0.48
62,Harold,Mcdonald,hmcdonald1p@uol.com.br,Male,9fb1:ed93:4a63:314e:ac2f:8f66:e6fb:d4ed,$4.51
63,Louise,Butler,lbutler1q@earthlink.net,Female,d4d8:c4d1:4db6:6506:aec1:17e9:94be:65a9,$1.86
64,Christopher,Ruiz,cruiz1r@omniture.com,Male,e15f:9901:e107:9f50:b79b:6531:da89:2af5,$2.34
65,Stephanie,Barnes,sbarnes1s@sitemeter.com,Female,85a6:f58f:88ea:7a1f:b2bf:2ccf:16e3:1ba9,$4.55
66,Antonio,Palmer,apalmer1t@xing.com,Male,60db:1396:ddd1:2cfc:61ac:40d5:5d96:f741,$8.33
67,Heather,Austin,haustin1u@kickstarter.com,Female,fe1f:ecd4:3259:5130:3aaf:c492:cc8d:1d5,$3.50
68,Lawrence,Hunter,lhunter1v@smh.com.au,Male,67e6:d30d:b214:a095:137a:16ff:59c5:f7be,$9.55
69,Paul,Lewis,plewis1w@delicious.com,Male,bc00:8f77:29eb:f21d:84b0:8d:301f:9391,$4.00
70,Debra,Cook,dcook1x@printfriendly.com,Female,8d14:972e:dd34:8636:dbc:86ff:3325:fe6f,$8.09
71,Kenneth,Dunn,kdunn1y@gravatar.com,Male,6bfc:fd0b:d5da:c2b2:5929:b6c5:27bc:7890,$9.45
72,Emily,Garza,egarza1z@ning.com,Female,c6d6:6827:9c51:f32b:85e2:fa88:2d03:8457,$2.02
73,Jerry,Fox,jfox20@histats.com,Male,330d:6ff:3497:aecc:99c:c99c:4eb6:4008,$1.65
74,Mark,Riley,mriley21@tmall.com,Male,a3ec:5260:7cc7:510d:fbdf:221d:e519:9f43,$7.13
75,Russell,Franklin,rfranklin22@bigcartel.com,Male,860d:d5d6:22a5:76ee:30e0:3237:9ee7:7e19,$1.27
76,Donna,Boyd,dboyd23@hostgator.com,Female,a8d3:82f6:7128:7759:fade:1952:a9b9:fdf9,$7.11
77,Robin,Campbell,rcampbell24@prlog.org,Female,ea17:bbb8:f710:53e9:f02f:a486:aa3e:d005,$2.57
78,Victor,Ross,vross25@pen.io,Male,1c24:2089:e54c:e5ef:f0dd:fb08:d3b2:2d42,$8.17
79,Sharon,Watkins,swatkins26@wix.com,Female,2f1b:5b9b:5853:67ff:7fc8:fda7:432:1124,$9.41
80,Donna,Daniels,ddaniels27@last.fm,Female,cfb0:f293:c251:a0c1:9979:39c2:8da4:3ee4,$6.81
81,Ruth,Reid,rreid28@nationalgeographic.com,Female,6709:7790:c336:9d8:a372:c243:2d81:bc47,$6.32
82,Rachel,Wheeler,rwheeler29@ucoz.ru,Female,1785:ff25:4580:39d6:ab6d:ff52:ddc8:f6f,$9.79
83,Frances,Hudson,fhudson2a@hugedomains.com,Female,39e8:e4ca:1a74:fd34:b94d:7440:60fd:2f45,$3.15
84,Bonnie,Myers,bmyers2b@nasa.gov,Female,ada8:4284:32b1:53da:45ad:7a9e:c0ce:6b5a,$5.14
85,Nicholas,Ellis,nellis2c@skyrock.com,Male,5f15:5182:b232:2d5b:c9cb:9049:cd8f:ab54,$6.59
86,David,Price,dprice2d@unc.edu,Male,8496:8810:a200:6674:fb10:bb39:667d:5bb6,$5.99
87,Joan,George,jgeorge2e@webmd.com,Female,770a:1d07:310f:de24:93a:4872:7cc5:6698,$3.45
88,Martha,Lane,mlane2f@4shared.com,Female,f5bf:963:3d1c:267a:7bf8:e7c3:c176:1e11,$2.81
89,Maria,Fields,mfields2g@homestead.com,Female,d52:6dfc:3a7f:ec91:7694:769f:1629:bf19,$3.03
90,Jane,Harrison,jharrison2h@wordpress.com,Female,dac2:e36:d02c:3054:3b0e:7440:320d:4091,$2.71
91,Michelle,Hernandez,mhernandez2i@posterous.com,Female,fec4:cf82:1304:8882:4c4b:9a44:a685:138f,$2.39
92,Susan,Roberts,sroberts2j@phpbb.com,Female,25ec:db17:ed99:4dc5:bbb4:ec4d:3367:af07,$3.73
93,Edward,Bradley,ebradley2k@fc2.com,Male,672b:8dbe:bf2:3be7:ca92:ac9:948d:5608,$0.78
94,Deborah,Reyes,dreyes2l@mediafire.com,Female,f04f:a116:f17e:6216:ee1:96e2:7a28:33a,$1.35
95,Ernest,Johnston,ejohnston2m@accuweather.com,Male,993d:906b:e470:7fc:ba7a:cf1c:1d64:1e0c,$8.50
96,Angela,Oliver,aoliver2n@privacy.gov.au,Female,651e:67d2:c8ba:8469:d414:97c1:a2a7:c651,$7.35
97,Kimberly,Collins,kcollins2o@cbsnews.com,Female,3ca8:f5b0:d8ea:255b:10f:114e:2092:7c90,$5.22
98,John,Boyd,jboyd2p@altervista.org,Male,13ef:20bc:6e1a:53e9:59de:44f7:465e:f66f,$3.12
99,Evelyn,Kelley,ekelley2q@de.vu,Female,b3f6:cf9b:fb84:57ee:7a6a:2835:c6ce:f9ca,$2.09
100,Carolyn,Harrison,charrison2r@hhs.gov,Female,20cb:fed5:1ed6:ab61:5be4:1e58:6577:7fda,$2.34
101,Sandra,Simmons,ssimmons2s@rambler.ru,Female,4874:1d2d:3692:937f:1071:e203:6665:cd75,$3.40
102,Michael,Martinez,mmartinez2t@creativecommons.org,Male,1083:f1e6:d7fa:77bc:254f:3b:f65a:6e35,$9.07
103,Patrick,Morales,pmorales2u@mit.edu,Male,a296:3e2b:8545:d9f6:c8d7:3912:d794:cfa2,$6.31
104,Earl,Price,eprice2v@free.fr,Male,2d37:a58:bc1:def3:133b:9a2f:879:f40f,$0.03
105,Rose,Barnes,rbarnes2w@cnbc.com,Female,24d9:c060:87e5:bbee:d3ca:e859:f40:2213,$8.13
106,Howard,Ortiz,hortiz2x@time.com,Male,3d08:91bd:d2cb:339b:4e0c:337d:aa4b:ebdc,$4.69
107,Irene,Jenkins,ijenkins2y@marriott.com,Female,5645:6af2:91b5:4974:ae8f:729c:dad2:70e6,$1.21
108,Wayne,Lawson,wlawson2z@telegraph.co.uk,Male,bce8:972a:2515:8cf9:47c9:9f38:c5ee:e050,$9.29
109,Michelle,Alvarez,malvarez30@wordpress.com,Female,ded3:e1d0:a478:bc2d:e7db:a448:2ab6:44ea,$7.37
110,Jacqueline,Adams,jadams31@quantcast.com,Female,519e:a847:aa71:beb7:67c:41aa:b45a:dc39,$0.55
111,Jesse,Smith,jsmith32@freewebs.com,Male,4584:54a8:7293:a153:e562:1d44:2cb8:fe6b,$0.67
112,Karen,Perez,kperez33@mtv.com,Female,a5de:fe8b:7f30:95b7:51f5:5bd8:8a9d:8d2d,$7.26
113,Mildred,Hall,mhall34@wsj.com,Female,18f7:7e32:81fd:dcab:48d7:872b:40f7:e525,$6.40
114,Shirley,Anderson,sanderson35@google.it,Female,9032:1f4:a8d9:3293:a564:d2fd:be4d:3b11,$1.69
115,Sara,Graham,sgraham36@vimeo.com,Female,2422:c6b5:9689:5490:834f:9cbe:d3a5:7d7e,$0.20
116,Paul,Cook,pcook37@4shared.com,Male,b460:2e37:1cb5:2478:3f2a:4640:9ada:3c0c,$9.63
117,Betty,Miller,bmiller38@multiply.com,Female,b786:47e9:3152:3003:ab0d:8dd0:96d:1917,$7.99
118,Joan,Chavez,jchavez39@cyberchimps.com,Female,e3db:b14c:7004:15ba:5711:64cd:e9f2:21b6,$3.00
119,Jane,Gordon,jgordon3a@java.com,Female,5ddd:200c:2f5c:35d3:d398:43bc:8d9:7cf,$7.75
120,Donald,Butler,dbutler3b@dot.gov,Male,fb0f:2fcf:cb32:fe70:1029:6e9:998e:9574,$7.41
121,Gloria,Ortiz,gortiz3c@nbcnews.com,Female,11f7:6864:fdee:26df:5430:71fa:39a9:161d,$7.54
122,Ruth,Bell,rbell3d@smugmug.com,Female,30ec:d181:b673:2c8a:d5ad:46ed:684a:6a64,$1.14
123,Jimmy,Coleman,jcoleman3e@auda.org.au,Male,8ecc:34d7:1f7b:3982:6fbb:d887:2fc:e20e,$9.76
124,Theresa,Jones,tjones3f@friendfeed.com,Female,e03f:ffb:a579:7ee8:61e5:d9e2:d11f:950a,$0.58
125,Teresa,Jackson,tjackson3g@parallels.com,Female,45e5:8493:ea94:4a59:4582:75f7:5d31:ae0a,$3.88
126,Dorothy,Morris,dmorris3h@typepad.com,Female,47ad:8c7e:11e8:de5c:cb91:e371:c40:1e1f,$5.29
127,William,Rodriguez,wrodriguez3i@sourceforge.net,Male,2e61:27e0:658a:9a84:1866:6a46:c24a:652e,$5.25
128,Marie,Campbell,mcampbell3j@shutterfly.com,Female,c77b:6dec:5a72:956c:d6a8:1cfc:8c4d:ac96,$8.29
129,Alice,Franklin,afranklin3k@bbc.co.uk,Female,cd7f:c25b:8e64:ddbe:acef:fd37:be27:8035,$9.89
130,Karen,Fisher,kfisher3l@icio.us,Female,b23c:692c:d112:1069:46f9:c135:1193:9d42,$7.57
131,Justin,Hernandez,jhernandez3m@rediff.com,Male,642d:1bdf:db3a:8516:6f46:4f5e:3d02:ecf7,$4.54
132,Amanda,Stevens,astevens3n@paypal.com,Female,3d79:405f:9fde:b6e8:1097:76:f1aa:b1fd,$0.55
133,Steven,Henry,shenry3o@storify.com,Male,e1a8:8e27:b097:4697:30f8:2bba:254e:8301,$3.16
134,Phyllis,Foster,pfoster3p@photobucket.com,Female,8579:d889:d3aa:6c8e:9f2:1046:129e:ac6,$1.21
135,Wanda,Fisher,wfisher3q@census.gov,Female,fc8a:6811:34fe:453d:84c2:932b:ad36:2d1b,$9.39
136,Cynthia,Little,clittle3r@uiuc.edu,Female,cc61:8e97:3df:478b:c821:6f9f:d793:b7b0,$2.54
137,Ruth,Fisher,rfisher3s@imgur.com,Female,4d66:ea6d:d546:d1bf:aaeb:43ce:a320:8414,$6.37
138,Andrea,Long,along3t@quantcast.com,Female,5904:9d98:83ff:6f73:8a81:825f:5e86:7918,$4.71
139,Lois,Weaver,lweaver3u@163.com,Female,d026:a68d:8c1d:d2d5:5bf8:1047:8d75:1708,$4.50
140,Jeremy,Richardson,jrichardson3v@topsy.com,Male,8c66:12f7:8b8c:7da7:c107:2acc:a590:836b,$1.33
141,Rebecca,Robertson,rrobertson3w@yahoo.co.jp,Female,2853:8b2b:f60f:2fbc:539a:ef26:9184:8552,$9.68
142,Debra,Gibson,dgibson3x@imgur.com,Female,11ab:6e98:2edf:684e:ff98:f4f9:a1f3:8a0c,$3.74
143,Craig,Larson,clarson3y@msu.edu,Male,4ed8:cb87:3678:e7be:d7:deb8:a17e:c0dc,$3.82
144,Karen,Dixon,kdixon3z@about.com,Female,af64:881c:c081:a133:242d:1df:a7ba:3252,$4.97
145,Henry,Martin,hmartin40@upenn.edu,Male,f3e0:7e3a:77a6:3b00:75d6:95c2:425c:c571,$5.59
146,Kathy,Garcia,kgarcia41@parallels.com,Female,1eef:2ab0:784b:c468:f12b:1ef9:996c:e4b4,$9.74
147,Robert,Grant,rgrant42@nymag.com,Male,5157:9949:9f20:2bf2:be81:7e18:bfa0:8eca,$5.25
148,Beverly,Ross,bross43@google.com.br,Female,91b:fd59:100c:6ee3:ddfa:68d4:42a:bbc9,$6.44
149,Kathleen,Harrison,kharrison44@stumbleupon.com,Female,d718:3e0e:bff8:d9b8:8fa9:4a9:4a2f:1a93,$1.13
150,Wayne,Fields,wfields45@house.gov,Male,5df5:7ca1:4c74:d216:6c86:3de9:6791:11e2,$7.69
151,Robert,Knight,rknight46@disqus.com,Male,4213:ee80:b5f0:dea:b397:b6f6:4848:20e,$1.42
152,Steve,Harvey,sharvey47@eepurl.com,Male,c3bf:a305:9c4a:6030:e627:c07a:7d96:a903,$5.00
153,Adam,Tucker,atucker48@is.gd,Male,579a:1de6:f586:eaf:439d:ff5f:a3da:ca91,$1.85
154,Louise,Fowler,lfowler49@wix.com,Female,1444:3ce2:3e3d:fd4a:2813:ac02:9920:a768,$8.10
155,Shawn,Medina,smedina4a@apache.org,Male,38f:eb79:ba7a:f48f:b999:355a:74e7:eaae,$5.59
156,Barbara,Stanley,bstanley4b@cnbc.com,Female,3438:e1b6:4a9c:1fc4:57ac:8d9d:41f2:f329,$1.53
157,Denise,Meyer,dmeyer4c@imageshack.us,Female,1191:cb95:7ab6:b053:166f:c416:414e:2520,$0.73
158,Ruby,Freeman,rfreeman4d@domainmarket.com,Female,d910:c7c1:a34:2c86:61ef:a072:7609:4fe1,$4.94
159,Julie,Hall,jhall4e@adobe.com,Female,c7e9:e899:d18d:b3a4:9ccf:ec19:8f90:cf89,$5.08
160,Katherine,Russell,krussell4f@surveymonkey.com,Female,736a:8617:eb54:4a73:69bb:8297:c946:7131,$9.38
161,Samuel,Wright,swright4g@ezinearticles.com,Male,a5e:3391:9187:e07b:862:943e:1634:fe9b,$9.59
162,Craig,Franklin,cfranklin4h@tripadvisor.com,Male,91d7:6f02:d50c:78ad:fab7:e80b:7b3c:a049,$4.36
163,George,Reyes,greyes4i@joomla.org,Male,ea8e:e99b:e396:577c:d12c:9bf5:74c0:1915,$2.19
164,Jean,Harper,jharper4j@list-manage.com,Female,3f9e:63f3:9047:f002:203a:7f13:ff4d:f30b,$6.49
165,Earl,Long,elong4k@hugedomains.com,Male,2b18:f4a5:2f17:7b83:2874:93d4:e53c:4463,$6.45
166,Linda,Hart,lhart4l@marriott.com,Female,f6c2:da43:9ff2:acbf:1e7d:807f:5041:9573,$2.51
167,Jerry,Bishop,jbishop4m@netscape.com,Male,bd1b:316:5a76:f566:6b24:2e07:9264:d5e0,$0.20
168,Jimmy,Reed,jreed4n@ehow.com,Male,3146:b392:34e1:c3f8:1d5b:e9da:cbff:25a4,$0.29
169,Randy,Medina,rmedina4o@godaddy.com,Male,aade:3a85:fdfa:7c84:11b5:2e8c:e599:a2c8,$4.33
170,Martin,Johnston,mjohnston4p@zimbio.com,Male,ae03:3bdc:93b3:1ab3:7af0:b4f6:580b:c4fe,$7.13
171,Jacqueline,Mccoy,jmccoy4q@geocities.com,Female,8858:7408:f12a:8df9:89f9:3ede:65a2:48ae,$5.33
172,Phyllis,Richardson,prichardson4r@hud.gov,Female,9c99:8a70:cb18:fce4:1841:b159:c385:398b,$7.76
173,Pamela,West,pwest4s@uol.com.br,Female,8943:b7d2:29a0:300d:3d6a:fd2a:71e0:2241,$4.26
174,Joshua,Lewis,jlewis4t@drupal.org,Male,1f9e:100:74ab:3c85:219a:d1c9:408a:fb9b,$0.44
175,Ronald,Day,rday4u@edublogs.org,Male,48e0:161:f99c:2ddd:8372:b80c:df3f:7d59,$5.99
176,Gregory,Sanchez,gsanchez4v@comcast.net,Male,6463:5665:e8e9:520:1051:58aa:22e2:571f,$8.77
177,Robert,Cooper,rcooper4w@time.com,Male,543e:b929:5fbc:797c:c1b9:d96c:cb02:57b6,$6.59
178,Tina,Baker,tbaker4x@slideshare.net,Female,d557:87c6:b7c4:b68e:c3cb:8031:807b:1d43,$4.06
179,Douglas,Rose,drose4y@whitehouse.gov,Male,5d46:1259:c066:5d4d:a474:90d5:6ed4:f68a,$7.32
180,Patrick,Peters,ppeters4z@google.nl,Male,75b7:2a58:c660:b6e5:ac50:a54f:6d14:fff5,$7.46
181,Mark,Harper,mharper50@yellowbook.com,Male,66e7:3483:62d:c255:6f9e:e6b1:d1aa:2768,$3.64
182,Shirley,Myers,smyers51@wikispaces.com,Female,c0ac:de76:9df:13cc:80c8:3313:b44d:21af,$1.72
183,Steven,Harrison,sharrison52@salon.com,Male,ec5a:ed03:4ae8:e450:3ae9:978f:6ef7:42b3,$8.57
184,Frank,Marshall,fmarshall53@ted.com,Male,4fda:a738:ec5f:469e:8edf:65dc:f6ba:3cc3,$3.56
185,Brenda,Gray,bgray54@nyu.edu,Female,e6d6:98de:6ac2:839a:bc60:89d6:f39a:5c04,$5.55
186,Diana,Anderson,danderson55@t.co,Female,6f09:736:c408:7180:2d75:6cfa:f4c4:b06e,$3.62
187,Annie,Lee,alee56@yellowpages.com,Female,da1:2f97:44bc:de95:372b:37f0:45f0:9deb,$3.98
188,Ronald,Morales,rmorales57@desdev.cn,Male,590c:a4c7:5fcb:7305:eb74:8c7b:1c4:6599,$6.23
189,Howard,Wheeler,hwheeler58@hatena.ne.jp,Male,60d5:f59e:801e:b6cd:b533:997d:a17f:26ce,$2.43
190,Billy,Bailey,bbailey59@tamu.edu,Male,9555:66d0:294d:cbbf:923f:6b2d:267c:54f6,$7.00
191,Patricia,Garcia,pgarcia5a@wsj.com,Female,b476:6092:1ce2:fda7:fe03:7b50:6a54:7d6b,$0.17
192,Albert,Taylor,ataylor5b@yandex.ru,Male,a716:50b0:e09:939f:f242:8bc2:c91d:43a3,$2.56
193,Karen,Allen,kallen5c@sourceforge.net,Female,984b:404d:8d2e:5dca:a0f3:5c7c:b0a2:1820,$4.38
194,Rose,Burke,rburke5d@ed.gov,Female,46d:328:552e:e042:4b41:f279:3b65:de3a,$4.25
195,Lois,Kim,lkim5e@g.co,Female,417d:d6d2:e66b:78e:2fcc:29c:b241:c21c,$4.32
196,Rebecca,Long,rlong5f@dyndns.org,Female,1b12:aded:77d5:8a3f:cd5c:d3c4:fbe3:5d83,$6.28
197,Louise,Jacobs,ljacobs5g@nymag.com,Female,ca3c:b49:9177:16ca:a44:5925:2cd6:9866,$9.63
198,Cheryl,Cook,ccook5h@deviantart.com,Female,32e3:3460:b858:682c:62b3:d38a:b998:e890,$2.06
199,Maria,Murray,mmurray5i@desdev.cn,Female,646c:6872:b6fa:826:721a:7f84:1045:f1a8,$6.79
200,Amy,Arnold,aarnold5j@webeden.co.uk,Female,13c6:bb7d:642f:e9ea:6600:52ae:9709:d34e,$2.90
201,Charles,Cole,ccole5k@hubpages.com,Male,214f:aed7:ade4:2bad:b364:4a70:7f14:e8a3,$0.57
202,Karen,Grant,kgrant5l@salon.com,Female,6c8d:d28b:e963:723f:8bb8:d2a:5196:2cf,$2.96
203,Frances,Morris,fmorris5m@wp.com,Female,76da:66f:e81d:b14e:595f:a08f:eccf:4642,$2.75
204,Virginia,Nelson,vnelson5n@ted.com,Female,15a2:9393:671:8457:a010:b8f6:c577:79a5,$9.66
205,Tina,Bennett,tbennett5o@about.com,Female,20f9:d8df:b738:2335:d7ce:959:21cd:16ee,$7.90
206,Gerald,White,gwhite5p@ftc.gov,Male,d491:43e1:8120:e291:1735:e1a1:1368:d428,$8.37
207,Anthony,Fernandez,afernandez5q@github.com,Male,9564:ad7c:b9e:d403:93b4:e632:6a9b:914f,$8.99
208,Brenda,Little,blittle5r@rediff.com,Female,7f65:183b:23e8:a32f:da62:760c:9b23:2d06,$2.47
209,Bruce,Howell,bhowell5s@yolasite.com,Male,c8a7:622a:3697:8efa:a15a:264d:5a0:f56a,$7.57
210,Jason,Oliver,joliver5t@arstechnica.com,Male,111e:85d0:446b:fb2b:9fcc:7f9a:5400:293b,$9.47
211,Fred,Kennedy,fkennedy5u@pen.io,Male,484a:1e99:9306:5246:d9f1:7e53:a570:bf05,$6.48
212,Margaret,Webb,mwebb5v@tinyurl.com,Female,e457:87aa:1d93:483b:c3:dc5f:9216:c542,$0.27
213,Carl,Harvey,charvey5w@reference.com,Male,4dc2:b326:da41:d723:3766:830:7a73:9383,$6.31
214,Lisa,Hawkins,lhawkins5x@vinaora.com,Female,8258:268:9eee:7220:3461:dd6b:2bc0:6e73,$0.35
215,Marilyn,James,mjames5y@is.gd,Female,d8cb:9d55:981e:341c:5afa:bb9b:65d9:69f7,$7.31
216,Linda,Collins,lcollins5z@multiply.com,Female,f477:c094:ff99:c72a:dd9a:eb1b:6151:9096,$9.82
217,Nancy,Duncan,nduncan60@vistaprint.com,Female,5621:7b15:2616:203a:2a51:2006:4f38:c3cc,$5.74
218,Ryan,Perry,rperry61@t-online.de,Male,85e5:9392:581:1180:d8e8:280f:cba8:e092,$8.01
219,George,Miller,gmiller62@ibm.com,Male,65cd:7a1c:ba6:8907:4426:b9ea:1bfd:5bd9,$8.81
220,Linda,Stevens,lstevens63@mail.ru,Female,5f16:1090:77e7:8b46:c944:1057:ef7a:48f4,$8.44
221,Jack,Gardner,jgardner64@imgur.com,Male,c6f4:1089:c81b:69e:2e38:ae49:d72b:128a,$0.43
222,Chris,Reed,creed65@newyorker.com,Male,e4d7:e73e:3924:fbc0:9d11:8b26:3bff:4856,$6.63
223,Nicole,Ford,nford66@photobucket.com,Female,bab7:b17b:35ac:3352:804a:8e35:ba4:c575,$2.63
224,Harold,Hicks,hhicks67@xrea.com,Male,1c08:d6f1:b7a5:ed5f:6976:6526:76d4:6ce4,$4.60
225,Teresa,West,twest68@ihg.com,Female,6e71:f834:1f8c:546e:35be:9387:5d6b:7828,$7.91
226,Russell,Rogers,rrogers69@house.gov,Male,9c24:2df6:3064:818f:f7b:a60f:b964:4d63,$7.36
227,Sean,Robinson,srobinson6a@dedecms.com,Male,6985:5dc6:750c:7823:6a12:c866:70a3:8bbb,$3.34
228,Jeffrey,Garcia,jgarcia6b@reddit.com,Male,9f5d:3b10:cb11:a90d:59c:dbdb:661d:9eef,$5.35
229,Gary,Schmidt,gschmidt6c@aol.com,Male,84e8:728:e9dd:e153:f6cb:16d5:f724:a7a6,$3.23
230,Howard,Harrison,hharrison6d@hibu.com,Male,f320:393b:38e7:2aa3:1ef2:2d19:66f:5aee,$6.21
231,Jessica,Murray,jmurray6e@accuweather.com,Female,dece:5cd2:e761:5f61:d55a:b078:aec9:9f8,$2.33
232,Brian,Gonzalez,bgonzalez6f@yolasite.com,Male,888c:89d4:2381:11dd:af40:9134:17b7:ee0b,$9.08
233,Christina,Foster,cfoster6g@miibeian.gov.cn,Female,6a5:d50c:515a:19ac:e0d9:fd35:a434:8a6e,$8.61
234,Frances,Russell,frussell6h@zimbio.com,Female,42c3:8b21:4d1d:e389:9582:71bb:2e69:3880,$9.93
235,Lillian,Thompson,lthompson6i@a8.net,Female,c39e:f886:5c97:231b:6e0c:89c4:b838:c1ab,$4.69
236,Donald,Black,dblack6j@cyberchimps.com,Male,de1f:ba88:ee6a:8234:6e83:8be0:5e4e:a853,$6.91
237,Teresa,Wilson,twilson6k@discovery.com,Female,6d76:c346:11a3:f924:496a:1e90:c512:34da,$4.57
238,Karen,Morgan,kmorgan6l@devhub.com,Female,2c7b:d338:d104:b1a2:dc63:c81f:300c:3db,$2.09
239,Roger,Jones,rjones6m@usda.gov,Male,1065:8ea7:82e8:fb84:b9a5:d326:160d:6f09,$6.57
240,Walter,Mccoy,wmccoy6n@amazon.co.jp,Male,469f:41f6:5612:9130:2a5d:f8d8:91ba:5d96,$8.02
241,Raymond,West,rwest6o@admin.ch,Male,b11d:7517:e69:4c63:fd55:21f4:465a:db7,$9.06
242,Diane,Perry,dperry6p@discuz.net,Female,8f5f:a2df:4e40:4c07:5a88:dd1f:d6ab:7322,$5.30
243,Joyce,Robinson,jrobinson6q@time.com,Female,8f8d:2b4b:f11d:1b30:d1a6:5ee2:c034:5e89,$8.37
244,Walter,Powell,wpowell6r@bbb.org,Male,883d:f975:3ee:7525:9726:f489:2db5:d5ca,$9.85
245,Jimmy,Fuller,jfuller6s@about.com,Male,dea7:694a:e308:432c:bbd6:52a6:f400:6be0,$6.16
246,Scott,Price,sprice6t@de.vu,Male,a89c:ec4a:589c:c8ca:57e7:eb19:3e04:6b5a,$7.16
247,Rebecca,Cunningham,rcunningham6u@prweb.com,Female,4314:8259:d3e:e342:2067:41c0:e8cf:345a,$9.09
248,Wayne,Boyd,wboyd6v@weebly.com,Male,121c:b18c:d683:755c:f76e:c722:6f95:c40c,$9.75
249,Kevin,Lee,klee6w@time.com,Male,8dce:218f:a745:a6f1:c522:5999:2a83:c6bb,$8.92
250,Carlos,Sanchez,csanchez6x@symantec.com,Male,83d6:1fa1:9df7:57c3:549e:6447:f4f4:2d35,$7.19
251,Linda,Cruz,lcruz6y@ustream.tv,Female,4b77:cd86:956e:c528:2d3f:30db:a8ea:3fa,$1.37
252,Jane,Gibson,jgibson6z@nbcnews.com,Female,975b:9cfc:a305:a2c0:a87f:385f:61b9:710e,$0.47
253,Gerald,Patterson,gpatterson70@pagesperso-orange.fr,Male,fbd2:9ba6:13d7:abb4:9ced:8b7c:4fe0:9498,$4.15
254,Billy,Fisher,bfisher71@yahoo.co.jp,Male,6def:d9a4:39c1:fc0:ddb3:d6ba:7de0:d925,$0.55
255,Walter,Brooks,wbrooks72@businesswire.com,Male,7dbf:65b4:6303:14cd:395c:4ee4:a89f:e652,$0.38
256,Philip,Mcdonald,pmcdonald73@weibo.com,Male,78bb:5e11:223c:7466:db27:3da9:7652:dae7,$6.66
257,Robert,Walker,rwalker74@economist.com,Male,8141:be07:4806:c5d:8a62:a590:e75b:e19f,$7.96
258,Tina,Garcia,tgarcia75@cmu.edu,Female,7107:871:fd85:fe6f:b520:d7b4:aaac:f661,$2.57
259,Ryan,Rodriguez,rrodriguez76@tinyurl.com,Male,5458:f514:c66e:ff71:920:b795:a7f:f0a9,$5.30
260,Barbara,Coleman,bcoleman77@house.gov,Female,9c54:ca3:fbf:2c2c:be53:3ae4:5de6:1cbe,$5.01
261,Robin,Day,rday78@people.com.cn,Female,36ef:54aa:e76b:f799:9fe6:65b3:18aa:4fbd,$6.80
262,Kevin,Grant,kgrant79@drupal.org,Male,1ea2:51b9:8196:ba6c:85a0:9a25:c42d:8789,$3.31
263,Julie,Sims,jsims7a@cnet.com,Female,86e6:9a7c:b413:483a:e26b:f598:178e:aacc,$9.68
264,Ronald,Stanley,rstanley7b@cnbc.com,Male,bc70:710e:f861:ad1a:77ec:9d2e:c44f:641f,$0.52
265,George,Ramos,gramos7c@imageshack.us,Male,6eec:868:2ce4:b0d2:470a:bac3:1ee3:eaff,$4.18
266,Ralph,Hicks,rhicks7d@usatoday.com,Male,92da:dc29:2703:1e4a:4bd4:42f:91bb:a745,$5.46
267,Anna,Taylor,ataylor7e@nationalgeographic.com,Female,c4f9:8583:602e:e206:f415:d440:f1c5:572c,$5.76
268,Laura,Pierce,lpierce7f@tripadvisor.com,Female,bcb8:6464:877b:f1a5:1f0d:894f:2897:6a6d,$5.06
269,Michelle,Andrews,mandrews7g@pbs.org,Female,a9f5:a687:87f0:87ee:b495:f383:2c48:3313,$0.25
270,Gloria,Shaw,gshaw7h@dmoz.org,Female,f596:ec5:2aed:7197:739b:a57:82a7:9a8,$3.58
271,Timothy,Porter,tporter7i@cargocollective.com,Male,f6a1:8ff7:9e02:1149:861a:b0f0:f3df:fdb,$7.91
272,Janice,Kelly,jkelly7j@theguardian.com,Female,df80:fa3e:2f38:2fb5:3099:ab68:1075:93bb,$9.88
273,Johnny,Ramirez,jramirez7k@macromedia.com,Male,9d0a:4d7b:788:db28:fe66:2430:85ac:f748,$9.14
274,Ruby,Wood,rwood7l@mashable.com,Female,5463:9ee0:4e26:90fb:82b9:84a3:d80f:5279,$7.70
275,George,Crawford,gcrawford7m@1und1.de,Male,b00e:a65b:d2d3:ffc8:79b:683f:adfc:b1c9,$4.59
276,Martin,Bell,mbell7n@auda.org.au,Male,e3cb:7014:83cb:49b6:f321:bcde:6957:2147,$2.09
277,Sean,Warren,swarren7o@google.cn,Male,32b5:69dc:7314:338c:91b0:b90c:4a3f:56cf,$8.95
278,Ashley,Miller,amiller7p@aol.com,Female,d9a:be85:a382:2908:e744:3e59:b7ac:b9c,$5.34
279,Kimberly,Adams,kadams7q@upenn.edu,Female,94e7:6745:627e:5cd3:4592:452a:42b2:6d13,$3.51
280,Jimmy,Carroll,jcarroll7r@ibm.com,Male,1037:81d6:a7c:802c:1365:a844:425f:dac2,$2.94
281,Evelyn,Vasquez,evasquez7s@yahoo.com,Female,da1e:f3f1:ca9c:17df:db7a:62ec:b5ba:bf13,$1.15
282,William,Larson,wlarson7t@noaa.gov,Male,2bf2:ae6:e6eb:46d0:54c3:9556:2234:d848,$4.31
283,Sarah,Smith,ssmith7u@fema.gov,Female,c6dc:8b4a:f022:46c0:97de:59a5:9d4e:18f1,$5.83
284,Heather,Hart,hhart7v@cmu.edu,Female,c5f6:18:fbcd:e3b6:905a:bdcb:c325:40e1,$6.94
285,Dennis,Stone,dstone7w@wisc.edu,Male,bbc8:205a:bc15:e58f:4a06:17f0:5927:2658,$8.36
286,Judy,Castillo,jcastillo7x@t-online.de,Female,5e59:49ed:99a8:81ff:a68f:fc61:e5f7:5dbe,$3.76
287,Andrea,Ryan,aryan7y@friendfeed.com,Female,156b:778a:7aad:1e8f:5ebb:fd5:f151:c587,$1.00
288,Andrea,Banks,abanks7z@icq.com,Female,8e97:4eb9:eaa1:8f26:d41e:6e08:f7b5:dbd4,$8.88
289,Catherine,Clark,cclark80@army.mil,Female,f776:82bc:1999:e4d:5f34:d27b:e93d:c02a,$3.95
290,Timothy,Stewart,tstewart81@squidoo.com,Male,ea7f:5dc9:f193:6f61:7a4b:da9f:e38b:f3cc,$4.31
291,Jack,Stone,jstone82@cpanel.net,Male,48fe:42f:2d13:29cd:be40:9975:d9a8:c35e,$4.63
292,Charles,Webb,cwebb83@seesaa.net,Male,f9f5:243:8a18:19c4:6eda:4ccc:6726:a344,$3.23
293,Timothy,Kennedy,tkennedy84@ehow.com,Male,278c:2d4d:e66b:e186:7366:83a5:4edc:32ae,$0.10
294,Julia,Fisher,jfisher85@toplist.cz,Female,76c0:aaa8:6670:edb9:925:531a:7367:65d9,$8.10
295,Jimmy,Howard,jhoward86@gizmodo.com,Male,316c:21a7:bf1f:51e3:5db:d05e:e8f9:92a6,$4.55
296,Edward,Davis,edavis87@seattletimes.com,Male,bb2f:21d5:f9ed:be92:40b0:8e58:629c:fbf6,$3.35
297,Brenda,Miller,bmiller88@ustream.tv,Female,b595:cf00:27c:846c:a8e9:875e:176:ca6c,$8.74
298,Alice,Hicks,ahicks89@epa.gov,Female,a50:1649:a511:3a05:9a35:cfaa:e362:428b,$3.13
299,Eric,Richardson,erichardson8a@upenn.edu,Male,971e:e93f:e8a8:c21:87d9:4a70:7af7:64fa,$5.22
300,Larry,Wallace,lwallace8b@miitbeian.gov.cn,Male,a278:ad90:1b07:e113:51c7:ff74:38d4:721b,$7.27
301,Lori,Hall,lhall8c@chron.com,Female,6ae5:6366:3021:1dec:c757:a4f1:390c:e956,$6.58
302,Phillip,Hayes,phayes8d@bigcartel.com,Male,276a:a598:2cdc:e764:6244:149:238c:b4ae,$0.60
303,Rose,Patterson,rpatterson8e@ovh.net,Female,5b97:8a89:34b8:a3c9:8387:ee50:d4b6:b13a,$4.68
304,Mary,Cruz,mcruz8f@bing.com,Female,6597:29d0:5f73:2c92:df78:ab5c:347b:a574,$9.66
305,Jesse,Harris,jharris8g@techcrunch.com,Male,3b2e:b851:9f6f:6ced:5ea8:a4d0:7d08:56d2,$5.84
306,Ann,Hill,ahill8h@utexas.edu,Female,ba3b:b12f:bdce:9fa4:8ae6:af1c:4fbc:a85d,$5.39
307,Russell,Hamilton,rhamilton8i@mozilla.com,Male,3ec8:4334:9827:79fd:884a:9a1e:4c86:f310,$1.19
308,Aaron,Collins,acollins8j@harvard.edu,Male,84fe:dd56:1b3:f59c:26ee:8fac:58b9:cec8,$0.89
309,Norma,Moore,nmoore8k@sphinn.com,Female,5f91:c1bf:a409:bc9:6154:64de:34d8:21af,$6.87
310,Robert,Hall,rhall8l@yelp.com,Male,8f9e:392e:dea6:1351:688d:1caa:23d9:d0f3,$5.04
311,Anthony,Ortiz,aortiz8m@liveinternet.ru,Male,6076:cbd0:a49e:15bf:665b:7b02:7789:d0d3,$7.29
312,Roy,Reid,rreid8n@google.fr,Male,188b:34c7:4ea6:acaf:38c0:99aa:abd5:f8fb,$4.98
313,Jose,Dixon,jdixon8o@businesswire.com,Male,7be3:bed3:c911:c7c:24e7:8c9c:d299:858a,$7.32
314,Wanda,Hughes,whughes8p@state.tx.us,Female,35:aae:ac7c:c15d:c6a7:178:702b:b7da,$8.24
315,Jesse,Greene,jgreene8q@walmart.com,Male,efb8:1bfc:8b8b:fba1:606d:bfbc:380f:a3ae,$6.79
316,Stephen,Morris,smorris8r@homestead.com,Male,c239:9928:b154:8094:d780:50ac:7da4:6862,$9.44
317,Carl,West,cwest8s@narod.ru,Male,bd32:e122:6434:4bb5:8033:c3ed:4a7b:17a7,$1.76
318,Jimmy,Allen,jallen8t@npr.org,Male,cecf:f527:f6c8:a768:162a:ca5:f6c1:56fb,$9.29
319,Benjamin,Jordan,bjordan8u@reverbnation.com,Male,c01c:765:66f3:a5b1:defa:e5e5:92e7:6d06,$7.07
320,Larry,Evans,levans8v@netlog.com,Male,e0fb:e71b:e1ab:6cff:1956:b671:a652:5f37,$3.90
321,Frank,King,fking8w@uol.com.br,Male,f2f4:60c1:20a5:531a:8874:4154:fffd:24ef,$6.09
322,Julie,Howard,jhoward8x@eepurl.com,Female,b7bb:845b:31c3:2c97:ef70:182f:8d99:6ef,$7.01
323,Pamela,Pierce,ppierce8y@fastcompany.com,Female,72d0:bde8:9e82:1c83:d298:b97b:d543:d017,$0.20
324,Carlos,Hill,chill8z@prlog.org,Male,496d:f86b:186a:1cbf:dff0:b676:1aa7:1a26,$7.82
325,Ronald,Tucker,rtucker90@elpais.com,Male,d2c0:d8f5:e094:2aaf:e5ab:d13a:a3c7:6a2c,$0.88
326,Gloria,Mills,gmills91@gmpg.org,Female,1864:e660:12a8:8abc:69bf:5883:3a8e:ba69,$3.00
327,Anna,Lawson,alawson92@mashable.com,Female,e4d:4573:ab4a:8d53:e13a:a61f:53d0:8d62,$9.74
328,Earl,Thompson,ethompson93@fema.gov,Male,614:94cd:b3aa:1177:1d41:3301:be3a:690d,$2.38
329,Terry,Olson,tolson94@jimdo.com,Male,96fb:d139:235f:1cd5:4cd2:624c:ff50:800c,$0.56
330,Eric,Stevens,estevens95@wikimedia.org,Male,cf6c:baea:5b46:d7a7:66a8:82f4:3e29:de67,$5.49
331,Michael,Taylor,mtaylor96@topsy.com,Male,fc41:b55f:89ac:a016:feaa:e83e:fb72:83e5,$2.23
332,Shawn,Parker,sparker97@qq.com,Male,5ddc:b282:88f1:74d0:d201:b8ff:7c00:a71b,$5.78
333,Brandon,Stone,bstone98@cmu.edu,Male,2cea:f577:7a39:3f43:8e77:f791:cdb5:4de0,$9.48
334,Albert,Barnes,abarnes99@dropbox.com,Male,cfe9:61f3:8dce:d645:ab0e:beac:c1c7:fe45,$5.62
335,Louis,Carroll,lcarroll9a@bing.com,Male,dc52:ec22:d8f0:ca64:a7d6:66a3:4345:eca8,$7.03
336,Joyce,Green,jgreen9b@amazonaws.com,Female,6b0a:dd3a:8087:f6ab:e016:5aae:2567:9f25,$9.28
337,Jeremy,West,jwest9c@springer.com,Male,ec83:8d15:dcaf:5d5f:ee2f:5b6a:bb51:b759,$3.68
338,Marie,Fisher,mfisher9d@addthis.com,Female,d764:56f3:9830:2b47:f87f:e236:722:df58,$6.55
339,Donna,Perry,dperry9e@sbwire.com,Female,1647:766e:6c6d:52e0:85db:aae0:f121:59ce,$2.14
340,Angela,Vasquez,avasquez9f@columbia.edu,Female,73c7:e869:12e6:9d8d:1b7b:64dc:f2c3:b319,$1.59
341,Maria,Sims,msims9g@drupal.org,Female,7395:d2d8:91af:267e:d420:8d3e:38ec:78eb,$2.97
342,Chris,James,cjames9h@hhs.gov,Male,6cb1:381a:c935:6d1c:da4f:e6b5:2bd5:9471,$6.68
343,Marilyn,Medina,mmedina9i@unesco.org,Female,485b:901e:9b71:d247:987c:2832:e785:9fbe,$6.04
344,Harold,Carr,hcarr9j@accuweather.com,Male,456b:14d:b369:903b:c7bf:9ec8:ea65:326e,$9.74
345,Carolyn,Marshall,cmarshall9k@patch.com,Female,4fe4:7422:959c:d802:6650:cca1:b19b:f7ee,$7.82
346,Russell,James,rjames9l@cdbaby.com,Male,cf5e:2b2:b37e:df36:bc67:9c9:d04:16d8,$6.35
347,Julia,Kennedy,jkennedy9m@usa.gov,Female,3192:e384:897c:eaac:7b67:3233:e13b:3964,$5.40
348,Benjamin,Harvey,bharvey9n@cocolog-nifty.com,Male,9cc2:2a35:9675:33c2:85fb:d9d6:b075:de7e,$6.50
349,Doris,Howard,dhoward9o@mediafire.com,Female,aa1d:4a06:1bf1:c010:7a56:ae07:2cd1:66c4,$7.57
350,Frank,Weaver,fweaver9p@squidoo.com,Male,3ec6:f666:af22:15ca:e91c:e214:1ee3:872f,$4.26
351,Victor,Vasquez,vvasquez9q@miitbeian.gov.cn,Male,1105:8764:9d4a:2b62:baa2:d9f8:c9fb:614a,$1.41
352,Marilyn,Mills,mmills9r@addthis.com,Female,32cd:8f71:b3b2:5e59:c4dd:728e:8a97:65e,$5.80
353,Philip,Alexander,palexander9s@sina.com.cn,Male,40d4:b4ca:12c:d91a:a716:c4f0:f1ad:bf6d,$1.00
354,Evelyn,Perez,eperez9t@state.tx.us,Female,90a8:e15c:c227:fbea:bc3c:7689:15ff:d443,$6.15
355,Chris,Alvarez,calvarez9u@illinois.edu,Male,dc97:e162:f83a:4eca:b634:56cc:8f3a:44e5,$2.58
356,Sandra,George,sgeorge9v@goodreads.com,Female,6284:7d2f:22d6:9941:68c:7afe:a8e:9cf6,$8.76
357,Nicholas,Lane,nlane9w@aboutads.info,Male,b355:d759:4156:555d:ac03:c2f6:bb9c:e014,$7.29
358,John,Allen,jallen9x@icio.us,Male,38d:b3f3:c8bb:35de:9b16:7099:661d:794d,$3.42
359,Adam,Taylor,ataylor9y@taobao.com,Male,d74e:593a:4f57:86f0:7665:f7e:f21f:6bd1,$1.06
360,Lawrence,Cox,lcox9z@digg.com,Male,b155:7a1:1ee:36a:99bc:7ad6:cfd2:2b36,$0.24
361,Ruby,Stephens,rstephensa0@macromedia.com,Female,9ee9:f6f:4626:564a:3e47:28ab:ee33:6dcb,$1.12
362,Andrea,Wallace,awallacea1@furl.net,Female,75c2:b9b5:85e5:e8af:240b:f568:2b9:efb8,$6.23
363,Susan,Carpenter,scarpentera2@opera.com,Female,1f19:5306:313e:c29:9476:cf29:9a20:f542,$9.71
364,Susan,Wagner,swagnera3@japanpost.jp,Female,6c02:e451:7823:4d01:5d3b:fdb0:9aec:f6c,$4.62
365,Barbara,Pierce,bpiercea4@state.gov,Female,5638:acb2:7dc3:300a:9bc6:eb0:6536:4d76,$8.33
366,Maria,Perry,mperrya5@gravatar.com,Female,df69:7f87:d666:5724:9804:4ec7:2882:db11,$3.88
367,Ryan,Hayes,rhayesa6@nbcnews.com,Male,4399:7f42:52ed:b208:37e4:afb9:340:cd7e,$8.01
368,Chris,Gordon,cgordona7@uol.com.br,Male,4484:4e01:c534:67fb:dbfe:1dbe:a13c:2acd,$3.11
369,Janice,Simmons,jsimmonsa8@sina.com.cn,Female,c9f8:2acd:2b42:56ed:be64:d3b8:aa56:e9a1,$0.48
370,Bruce,Howard,bhowarda9@nyu.edu,Male,aae1:e5bc:e630:9df3:6a04:254f:2816:975d,$4.72
371,Justin,Butler,jbutleraa@prnewswire.com,Male,f8dc:831d:4985:ffa2:9cfa:20c5:74c:cc1d,$2.75
372,Jimmy,Stanley,jstanleyab@cpanel.net,Male,bd78:e7f9:9c78:329d:88ca:7dee:75c8:93cf,$9.54
373,Barbara,Hughes,bhughesac@ustream.tv,Female,988d:9428:b945:3a47:26d8:e422:29a9:ee8b,$3.88
374,Charles,Reid,creidad@marriott.com,Male,3b0b:fc67:a20c:82e5:eda0:63a1:4e0b:1e22,$8.72
375,Edward,Owens,eowensae@tiny.cc,Male,f4e:732c:312:76de:1069:69a:769a:2f13,$6.14
376,Ernest,Peters,epetersaf@ihg.com,Male,963f:6e20:f6ca:b432:22bb:c813:20c7:34c1,$7.12
377,Richard,Carroll,rcarrollag@wisc.edu,Male,1e99:97dc:d2d:9df8:eaac:77b0:ebf4:5d10,$9.73
378,Lillian,Carr,lcarrah@sciencedaily.com,Female,1e43:3cdd:678f:17df:3f13:ebea:5530:7104,$0.95
379,Rebecca,Williamson,rwilliamsonai@php.net,Female,a801:9eba:8c8e:b331:f757:13ca:b051:c6c3,$7.10
380,Stephen,Fernandez,sfernandezaj@intel.com,Male,5fa6:4b35:1681:faf1:76c0:1d9f:5421:8d4,$3.72
381,Bobby,Gonzales,bgonzalesak@archive.org,Male,da0c:783a:4e34:65b3:cc5:ec34:3d71:d635,$0.84
382,Kathryn,Warren,kwarrenal@google.de,Female,a712:42fc:ea12:2bf8:d209:d4cf:90f4:9e9e,$4.03
383,Tina,Wilson,twilsonam@fotki.com,Female,9f16:3cc7:c498:a0bf:6e13:5d84:71aa:22b1,$4.49
384,Angela,Collins,acollinsan@ft.com,Female,e7aa:bad:7f50:94c9:51b8:739:7304:d99a,$1.53
385,Craig,Walker,cwalkerao@shutterfly.com,Male,20b7:2de3:ed1d:9306:6729:b302:fbce:f2c6,$8.41
386,Mildred,Watkins,mwatkinsap@sogou.com,Female,5ae5:d836:6742:9e66:1601:f3f7:c05a:2286,$3.58
387,Richard,Jacobs,rjacobsaq@imdb.com,Male,ce9b:624a:5c0f:c7a5:ed03:8917:2560:487a,$1.61
388,Janice,Bradley,jbradleyar@redcross.org,Female,17fb:87ba:4b38:4231:e0aa:bfb3:f951:b9a1,$2.02
389,Steven,Kim,skimas@tiny.cc,Male,8ebc:fb40:eec1:db86:22ee:34c5:34a3:c145,$0.24
390,Barbara,Collins,bcollinsat@hexun.com,Female,fb66:5512:f517:d232:94ff:6970:1cc6:45c9,$2.58
391,Justin,Davis,jdavisau@nytimes.com,Male,c232:1d1f:769d:7374:1545:f8de:8e40:79af,$4.23
392,Pamela,Reid,preidav@bluehost.com,Female,591:c74:217a:e0c2:892:1178:b390:ed90,$0.57
393,Marilyn,Johnson,mjohnsonaw@netscape.com,Female,144d:5444:e90a:286c:a117:ae2e:354c:ca1e,$2.87
394,Ann,Scott,ascottax@photobucket.com,Female,c57f:9924:9445:3749:c7c3:e450:3bdd:244f,$1.36
395,Kathryn,Wilson,kwilsonay@typepad.com,Female,f3ed:f34e:9a8:59ac:11e7:9799:7375:aed6,$7.44
396,Roger,Robinson,rrobinsonaz@cpanel.net,Male,c369:c573:75a2:8777:a3db:a3e0:b767:c5cb,$8.14
397,Mark,Fernandez,mfernandezb0@123-reg.co.uk,Male,fc9:b130:29b9:1b08:1e71:a003:ea77:5f79,$0.02
398,Kathryn,Hudson,khudsonb1@walmart.com,Female,7227:549a:d704:505c:1bdb:1716:6252:7847,$3.25
399,Laura,Wright,lwrightb2@ning.com,Female,734f:4612:6623:4bad:b89a:72f7:573:b005,$5.98
400,Arthur,Martinez,amartinezb3@sohu.com,Male,2497:9a71:a0bb:41ab:fc53:adac:30f:84f5,$0.52
401,Doris,Howard,dhowardb4@pbs.org,Female,c70f:e7cd:ff07:e9b0:64fa:f46a:8229:a890,$3.04
402,Linda,Myers,lmyersb5@naver.com,Female,929b:c951:bbf:1f6a:a698:55f1:6afc:f847,$0.83
403,Christopher,Reynolds,creynoldsb6@blogtalkradio.com,Male,1067:a472:bc6:1302:5ea8:6028:357:7c30,$7.50
404,Louis,Cox,lcoxb7@cam.ac.uk,Male,f5e:d656:1a01:7687:55b0:2ba0:f7a:32a9,$8.10
405,Randy,Wagner,rwagnerb8@marriott.com,Male,7c95:e555:2dd1:fc94:a07a:dd64:1e2f:43c9,$7.16
406,Julia,Payne,jpayneb9@irs.gov,Female,e955:8778:f520:95de:a995:1682:aa51:ffc5,$7.65
407,Laura,Wells,lwellsba@skype.com,Female,8cfc:af7d:96d0:f8bc:3dda:e13f:531a:751c,$3.13
408,Steve,Ray,sraybb@ft.com,Male,8721:a5d4:614f:a405:7e2d:36a6:b160:a227,$6.82
409,Terry,Morris,tmorrisbc@topsy.com,Male,a85:2954:7455:5c5a:5e33:2509:c00e:9339,$1.68
410,Marilyn,Garcia,mgarciabd@acquirethisname.com,Female,ff7c:b4d7:ac29:443d:595e:608a:f533:6d3a,$6.41
411,Ernest,Diaz,ediazbe@opensource.org,Male,e615:ca31:c520:fef7:fbb6:ad7a:cc8:baa7,$1.18
412,Michael,Rivera,mriverabf@shareasale.com,Male,ef97:ac63:7fef:38ad:5add:98b9:a1fd:e464,$8.39
413,Teresa,Dean,tdeanbg@parallels.com,Female,7769:d2db:20c6:6ddc:44a9:b276:e803:1350,$9.47
414,Judy,Rice,jricebh@youtube.com,Female,e12c:e092:9d1b:6535:990a:aebc:3371:c5f3,$3.61
415,Fred,West,fwestbi@ibm.com,Male,c531:739e:9700:a84e:8633:6776:8b6:3f5d,$9.05
416,Sarah,Washington,swashingtonbj@booking.com,Female,e601:b9ff:552c:1e01:3842:113a:732:b58f,$2.90
417,Katherine,Dean,kdeanbk@sun.com,Female,a51f:84ab:784f:49d7:c214:8e34:ee38:b981,$4.66
418,Sandra,Carr,scarrbl@taobao.com,Female,7c90:88d0:7db6:b50b:cd6a:c696:9b76:f679,$0.43
419,Deborah,Carpenter,dcarpenterbm@ca.gov,Female,5e75:beee:2054:3871:5c90:c9e4:4469:5363,$0.11
420,Norma,Berry,nberrybn@sciencedirect.com,Female,d928:98ac:cd41:1be1:c0ca:53dd:876d:223,$2.89
421,Cynthia,Marshall,cmarshallbo@sciencedaily.com,Female,adf2:1a3:6819:149e:42db:26ed:37a7:13d1,$8.59
422,Ashley,Stephens,astephensbp@zdnet.com,Female,6eda:dca1:b71a:afb3:1b82:82fd:18b:1a3a,$7.07
423,Phyllis,Fernandez,pfernandezbq@vimeo.com,Female,45ee:f7a6:b985:4a02:af9f:430d:f91f:f81,$7.81
424,Aaron,Morales,amoralesbr@mozilla.org,Male,9d4d:df85:2ab:ff32:f4d9:dd82:f19a:f19e,$8.44
425,Jerry,Hart,jhartbs@dion.ne.jp,Male,eded:22c5:20a7:3e98:637d:8744:8370:e566,$3.45
426,Donald,Robinson,drobinsonbt@addtoany.com,Male,383c:a821:b6ec:4366:4e46:d124:b788:531f,$2.20
427,George,Wells,gwellsbu@cdbaby.com,Male,28fe:d574:7840:a5c3:5fb5:d882:e45b:ca03,$9.77
428,Gerald,Frazier,gfrazierbv@oracle.com,Male,d0c:fe8c:833c:675:8ad2:11dc:5e14:97b3,$2.87
429,Kenneth,Riley,krileybw@google.com.hk,Male,944e:d97c:df9b:6450:5335:c52b:8044:1f47,$1.79
430,Wayne,Woods,wwoodsbx@yellowbook.com,Male,2119:47b4:6a77:e330:86c7:3b3e:e027:a91c,$7.07
431,Jesse,Barnes,jbarnesby@canalblog.com,Male,722b:fc91:43b8:2725:aa2c:70aa:285c:857a,$8.28
432,Victor,Thompson,vthompsonbz@go.com,Male,4e1b:cb7:db9a:4893:8bd2:652b:8c5f:2512,$9.53
433,Stephen,Nelson,snelsonc0@altervista.org,Male,84f5:af2c:39f6:b4c4:225b:2c65:e153:df5a,$0.21
434,Jacqueline,Andrews,jandrewsc1@smh.com.au,Female,e843:24b4:a0a0:2c24:b0a7:b6b1:b844:198e,$3.08
435,Rebecca,Lopez,rlopezc2@nsw.gov.au,Female,d444:b35e:bf6d:a524:ed76:d60e:3b61:ebd4,$7.99
436,Jonathan,Richardson,jrichardsonc3@miitbeian.gov.cn,Male,d054:a2d3:1661:f4a7:25dc:54cd:8c3f:ac89,$4.93
437,Melissa,Roberts,mrobertsc4@imdb.com,Female,44b1:5f1:32d9:b811:6ed3:12b5:c35c:99bf,$7.86
438,Cynthia,Baker,cbakerc5@cdc.gov,Female,a7ce:43ec:4aa7:6535:1fcc:8811:82ab:6197,$0.80
439,Paul,Vasquez,pvasquezc6@netscape.com,Male,b336:bd1:bbc3:5f47:f89e:9a9b:be3c:2213,$5.92
440,Aaron,Morris,amorrisc7@virginia.edu,Male,1877:ac0b:a1ae:f58c:3725:fcf2:2cfe:980c,$9.89
441,Antonio,Diaz,adiazc8@yolasite.com,Male,6857:495b:9c67:17c2:f799:4cc4:cb6a:fe98,$1.84
442,Kimberly,Oliver,koliverc9@thetimes.co.uk,Female,2fc:ed91:8627:cc35:fac4:13c4:3ffa:268c,$5.35
443,Catherine,Howard,chowardca@examiner.com,Female,a76c:c98:c56b:b1bb:78be:746c:65ea:d403,$8.86
444,Jeffrey,Howard,jhowardcb@guardian.co.uk,Male,2013:3a61:5136:397e:fcfa:c890:f2e:699f,$4.15
445,Eugene,George,egeorgecc@ebay.com,Male,7d3e:351a:8b56:af91:5efc:2489:4045:97ba,$3.75
446,Matthew,Roberts,mrobertscd@shareasale.com,Male,4d07:bf53:9642:60e7:18ad:7588:e880:c9a0,$7.22
447,Scott,Kelley,skelleyce@desdev.cn,Male,4d3e:9860:67a:a296:10e8:9e0f:c7e7:d505,$5.57
448,Ashley,Armstrong,aarmstrongcf@posterous.com,Female,8f8f:f4ad:b189:5826:b8cd:b2fb:bab0:9088,$3.15
449,Aaron,Hart,ahartcg@unc.edu,Male,c17d:e6c2:233:5083:962f:3c07:5173:a140,$9.64
450,Frances,Gonzalez,fgonzalezch@weebly.com,Female,f704:772a:17f:13df:5a7c:e2ae:e9f5:5b5e,$7.11
451,Kimberly,Castillo,kcastilloci@163.com,Female,3f2b:f4d0:42a7:8e35:bd78:f5b5:e24c:986f,$8.49
452,Carolyn,Peters,cpeterscj@taobao.com,Female,f356:26e4:4bd5:7fc1:34b0:5650:5029:5f88,$9.07
453,Elizabeth,Bryant,ebryantck@sciencedaily.com,Female,be1b:47ee:8d14:c5be:9075:6b1d:dd93:373e,$4.75
454,Larry,Franklin,lfranklincl@imgur.com,Male,3f27:8faa:b0e3:7ee6:9b5f:9a26:83df:fdc1,$3.71
455,Sharon,Daniels,sdanielscm@va.gov,Female,bee:7778:e78e:53c3:693e:44c9:e5d4:bf86,$2.36
456,Michael,Jones,mjonescn@house.gov,Male,b078:9c76:f8a5:684b:a2b8:6e50:b4f3:8da9,$2.37
457,Evelyn,Butler,ebutlerco@shinystat.com,Female,5a79:abf3:7758:e1a8:4817:413b:da7d:f96c,$4.28
458,Susan,Richardson,srichardsoncp@vinaora.com,Female,5579:a24c:a244:2e13:ef69:8131:7cfb:eb98,$2.58
459,Terry,Mendoza,tmendozacq@g.co,Male,ee9c:1698:667d:57bb:d14f:6063:cbce:3f25,$7.33
460,Virginia,Taylor,vtaylorcr@aboutads.info,Female,edba:7905:7ad8:c553:c5e4:3d6f:3301:1711,$7.98
461,Thomas,Harris,tharriscs@cdbaby.com,Male,2920:acf6:be57:d9a5:bdb8:28ac:69c2:265e,$9.11
462,Ryan,Butler,rbutlerct@tripadvisor.com,Male,eb13:ffb9:752d:9aac:c38b:f462:49d:6b24,$1.79
463,Helen,Bailey,hbaileycu@lulu.com,Female,6561:a1a0:5a06:f5fc:895f:b5d8:b34a:8894,$9.50
464,Mary,Jones,mjonescv@nbcnews.com,Female,ef71:c6c9:4e68:a6df:10aa:1cf0:43e6:330e,$3.00
465,Jennifer,Walker,jwalkercw@prnewswire.com,Female,2a64:5258:d471:7dd:c4cd:bbcb:ea6e:2ae7,$4.34
466,Louis,Graham,lgrahamcx@meetup.com,Male,d4c4:b4e3:5628:2828:e24e:a2db:7bdc:386d,$4.11
467,Teresa,Day,tdaycy@istockphoto.com,Female,13a8:c6fe:c8f7:b7a3:9031:9f5f:328b:275a,$4.46
468,Donna,Gutierrez,dgutierrezcz@google.de,Female,8103:af5f:2388:a00:88c3:e9ac:48a9:766,$4.15
469,Walter,Bell,wbelld0@tinypic.com,Male,2b30:dec8:30cb:73a2:3c70:7dd1:412:fb4,$9.55
470,James,Wallace,jwallaced1@indiatimes.com,Male,deff:f62:e73f:f318:d71d:e3a7:2ff5:9a6,$4.38
471,Michelle,Cunningham,mcunninghamd2@cbslocal.com,Female,f998:6ad4:3228:16b6:cb30:2de7:685c:6b57,$2.99
472,Carl,Stone,cstoned3@tiny.cc,Male,e388:c7ac:8c3f:a6b8:a57b:88b2:8cd4:5f34,$4.95
473,Irene,Cooper,icooperd4@amazon.co.uk,Female,7c7e:f995:d075:46a7:a62d:791:e69c:8c0d,$5.28
474,Gary,Wallace,gwallaced5@networkadvertising.org,Male,9eab:6cd5:526d:9074:e4b4:22f7:d65e:74a5,$0.10
475,Jean,Snyder,jsnyderd6@msn.com,Female,12af:987d:81f:b7e9:5d9c:c7a0:49cf:231a,$9.50
476,Dorothy,Burke,dburked7@bloglovin.com,Female,14e3:1a70:8426:d113:9663:ea25:242c:7815,$2.92
477,Kathleen,Ward,kwardd8@shinystat.com,Female,302a:98c4:6478:953e:867c:bcd2:f4bb:f5bb,$7.54
478,Shawn,Little,slittled9@fda.gov,Male,f031:c6b7:89c8:7159:5dc5:426a:483c:e845,$3.71
479,Eric,Lynch,elynchda@cbslocal.com,Male,38f5:50e8:7634:b8f6:b67a:52e7:bbbe:ec69,$3.89
480,Annie,Sanchez,asanchezdb@examiner.com,Female,631:488e:7bd6:6673:7680:7400:54d0:bbcf,$3.59
481,Theresa,Nichols,tnicholsdc@yale.edu,Female,cba0:61f7:99c6:7308:5fae:b91f:1dcc:a8f7,$1.86
482,Barbara,Dixon,bdixondd@jigsy.com,Female,8c27:9505:fd8e:9ce3:ef59:1820:d636:1db2,$8.81
483,Harold,Porter,hporterde@tinyurl.com,Male,beb6:e8e1:cd0a:4545:b410:ef9c:dc4f:f037,$3.53
484,Justin,Hansen,jhansendf@linkedin.com,Male,e068:8288:2059:94:436a:73a6:81e5:b920,$7.80
485,Annie,Romero,aromerodg@theatlantic.com,Female,ca9f:6d2c:f345:dcc9:fd00:efaf:2d90:cd84,$1.17
486,Pamela,Ortiz,portizdh@squarespace.com,Female,8e7b:1bf0:ac05:d444:3407:9ba2:8ce7:df81,$2.88
487,Kevin,Hunter,khunterdi@eepurl.com,Male,497d:1299:e9a3:2bb6:88f5:ea7e:f0a0:dee,$3.80
488,Christine,Mitchell,cmitchelldj@cnet.com,Female,dc90:1ed:666b:2ade:13a6:18e3:cb72:cc1d,$6.31
489,Randy,Schmidt,rschmidtdk@4shared.com,Male,6c5c:19a1:4a05:6ca3:c463:1218:581e:6a61,$1.16
490,Julia,Harvey,jharveydl@discuz.net,Female,5ed6:992:cdcb:27a4:8d56:c4c0:81a:102,$1.12
491,Brian,Price,bpricedm@a8.net,Male,5b36:9200:500e:9ded:e3f:5a6f:1795:f6c,$6.68
492,Deborah,Chapman,dchapmandn@sfgate.com,Female,5f0b:4f11:b9ce:ab1b:3fe6:d476:bd38:7880,$3.39
493,Jacqueline,Stanley,jstanleydo@china.com.cn,Female,d8ef:9d34:3bd5:2b8b:c486:cf7b:64b4:3c2a,$1.11
494,Laura,Howell,lhowelldp@gov.uk,Female,f870:7e39:c58:7779:5c11:79a4:603d:18f4,$2.15
495,Paula,Greene,pgreenedq@microsoft.com,Female,cc73:4ba2:df55:c4b2:6712:4b1e:20d2:a6e8,$3.81
496,Bonnie,Wood,bwooddr@reference.com,Female,38c9:7eb7:3a85:dc07:5de3:f81f:cf61:a51e,$2.08
497,Amy,Garza,agarzads@instagram.com,Female,e8f7:3ccc:2bf8:c23e:d125:55c2:4f44:f43d,$4.83
498,Mary,Morrison,mmorrisondt@phpbb.com,Female,b1d7:bab1:db44:53d8:c7cc:90f3:989d:664,$8.01
499,Lillian,Wagner,lwagnerdu@1688.com,Female,84d9:d22c:df:556e:bb9e:c96b:a885:aa8a,$0.95
500,Catherine,Burns,cburnsdv@vinaora.com,Female,303f:8397:6065:2cdd:c6a0:1662:5e1d:9111,$8.37
501,Heather,Knight,hknightdw@mayoclinic.com,Female,e1cc:f063:d95a:4308:79:e05e:5f6d:88ab,$2.94
502,Michael,Hill,mhilldx@storify.com,Male,3197:8af5:c0fc:f6a2:1f6b:985f:9e3e:610d,$1.39
503,Steve,Green,sgreendy@instagram.com,Male,2318:a24b:2bbf:25b4:f041:1c64:43af:b5a8,$4.71
504,Dennis,Mills,dmillsdz@oracle.com,Male,bae1:9141:8c65:784:df45:8e7b:7a44:7683,$4.92
505,Christina,Robertson,crobertsone0@homestead.com,Female,508b:cd83:346d:b25d:6894:501b:60b0:5798,$3.49
506,Todd,Reynolds,treynoldse1@rakuten.co.jp,Male,d4d1:fc27:76fe:7912:8555:315d:569a:d44d,$6.85
507,Teresa,George,tgeorgee2@gizmodo.com,Female,ca52:120f:c6d2:349b:df88:6447:ea73:f1ed,$6.18
508,Arthur,Berry,aberrye3@rambler.ru,Male,d438:84f8:acc8:7f15:be25:feda:168:d468,$8.93
509,Johnny,Palmer,jpalmere4@hostgator.com,Male,9225:2d45:4267:919a:91e7:1191:64fd:afc4,$3.06
510,Mary,Knight,mknighte5@ameblo.jp,Female,246b:e681:d507:483b:47fe:5235:c5f7:1659,$5.57
511,Jack,Howard,jhowarde6@whitehouse.gov,Male,a340:6a2e:fda8:17da:b23a:9866:df2e:a493,$6.84
512,Margaret,Stone,mstonee7@usatoday.com,Female,3aa6:57a5:1efe:2f:5b90:30b6:b4b6:b89d,$4.48
513,Larry,Reyes,lreyese8@npr.org,Male,bcf2:bd5:3c4e:fd24:b303:a18e:367:11,$8.17
514,Amy,Thomas,athomase9@issuu.com,Female,d298:1f2a:a7e1:c97a:531:a668:3e6a:bf2b,$1.10
515,Charles,Kennedy,ckennedyea@blogtalkradio.com,Male,4dcc:3ab3:e92:1d9b:7e5e:22d:79ae:9814,$7.08
516,Keith,Reyes,kreyeseb@hao123.com,Male,1006:52cc:50cc:5760:4ac1:e7d5:22e5:d32f,$6.03
517,Jose,Berry,jberryec@is.gd,Male,4ee3:b6ac:9452:a20e:1bcb:3f6d:45d0:e313,$9.45
518,Bonnie,Peters,bpetersed@reuters.com,Female,3c2d:2bb4:a0ae:816e:4bc6:668e:115a:9a05,$9.26
519,Kevin,Foster,kfosteree@toplist.cz,Male,9420:f22d:e430:1d9:cfe4:536a:18e:8347,$7.53
520,Gerald,Lee,gleeef@weather.com,Male,215a:324d:e1fe:e22d:4db3:3456:fa1f:21bf,$3.97
521,Heather,Adams,hadamseg@blogspot.com,Female,8a8c:8a19:7963:6e61:420b:3bcb:2a6c:5eb4,$1.76
522,Carl,Barnes,cbarneseh@businessweek.com,Male,f3f6:1a8e:f34f:55f:a8e:8ff3:73b0:b32f,$4.72
523,Jean,Alexander,jalexanderei@howstuffworks.com,Female,48ca:3dee:7152:7a33:a1dd:ce9f:9b30:af6,$0.83
524,Tina,Armstrong,tarmstrongej@redcross.org,Female,323f:9e45:15af:f84c:dfb6:6096:947e:e6ca,$0.76
525,Brian,Hunter,bhunterek@goodreads.com,Male,cb83:b0b0:8d00:75df:f187:1994:bbd1:6257,$7.74
526,Scott,King,skingel@goo.ne.jp,Male,33d9:6479:c8c7:dee5:6db9:fbce:12c1:25d6,$7.95
527,Alice,Clark,aclarkem@google.com.hk,Female,29c0:1199:c4fc:12c0:1d9e:aec5:968e:217e,$8.69
528,Jennifer,Walker,jwalkeren@stanford.edu,Female,d0e9:a992:d256:b620:376f:a3e6:4d08:c97b,$4.89
529,Wanda,Williams,wwilliamseo@theguardian.com,Female,5354:5747:29bf:a220:3090:d3db:1b41:8a8a,$6.21
530,Tammy,Foster,tfosterep@sbwire.com,Female,708e:9ac1:759:52d7:3364:6881:976d:d8fb,$1.19
531,Janet,Fernandez,jfernandezeq@bloomberg.com,Female,55ee:a771:3187:91a0:4de9:772f:1e24:e88b,$5.80
532,Michael,James,mjameser@ow.ly,Male,fee:ae13:e085:7922:e050:77ba:f6cd:882f,$4.52
533,Todd,Romero,tromeroes@abc.net.au,Male,cb59:9f71:2399:2849:d0a5:ea70:4c47:579e,$4.98
534,Michael,Moreno,mmorenoet@privacy.gov.au,Male,3401:94a7:ba4c:aac7:9212:ff6c:8690:be64,$8.16
535,Diana,Simmons,dsimmonseu@salon.com,Female,9641:fbbd:24bb:48ce:ed52:33e5:e4d7:1f62,$3.29
536,Ruth,Stephens,rstephensev@angelfire.com,Female,9f9e:342c:388a:61ea:9914:99c8:dac9:7904,$2.81
537,Russell,Lawrence,rlawrenceew@dell.com,Male,aa4a:e0b4:4da5:7649:c98d:12ea:e788:bdd2,$5.14
538,Carolyn,Ray,crayex@theguardian.com,Female,458:5980:e0bf:580a:bf09:81ef:422a:40d0,$8.74
539,Margaret,Oliver,moliverey@apple.com,Female,ff8e:f7e9:b4a1:c172:642:8104:9cde:1deb,$3.22
540,Gary,Edwards,gedwardsez@va.gov,Male,7f8c:ed1d:2fe4:16ac:ba97:102:c503:47ad,$5.12
541,Dorothy,Black,dblackf0@mtv.com,Female,3a74:ad1d:f470:6d11:4c4f:9bde:d77d:65ea,$2.85
542,Lillian,Hansen,lhansenf1@dailymotion.com,Female,ffbb:118f:514a:b3f0:384d:d06d:f1c5:4322,$2.97
543,Bruce,Alvarez,balvarezf2@indiegogo.com,Male,d137:9e48:265d:c8a5:fade:c689:8b7a:fb55,$9.44
544,Helen,Murphy,hmurphyf3@networkadvertising.org,Female,dc63:65fb:e8e8:cecc:1e74:166f:9f42:1d4f,$5.94
545,Bonnie,Burton,bburtonf4@princeton.edu,Female,6a29:f48f:f9f5:66fa:6b78:c89c:a512:1642,$9.28
546,Jane,Hicks,jhicksf5@huffingtonpost.com,Female,431b:974c:7b65:8052:c43b:5337:54b9:3019,$9.11
547,Tammy,Phillips,tphillipsf6@cornell.edu,Female,a03e:9681:353a:b872:6481:cf34:439e:463d,$0.72
548,Lawrence,Medina,lmedinaf7@youku.com,Male,8059:bb20:79fa:e4a5:85c7:c6d8:96ed:b35,$5.49
549,Donna,Stone,dstonef8@nbcnews.com,Female,e6cb:c4bc:2945:872:8a64:60fa:5038:505a,$1.76
550,Maria,Ford,mfordf9@deviantart.com,Female,73e1:36f7:61f8:8b84:2cc2:8b78:d73c:b829,$2.27
551,Janice,Henderson,jhendersonfa@blog.com,Female,8c6a:263a:7e44:6a14:d34d:b3b1:aca4:15b8,$0.96
552,Patrick,Evans,pevansfb@about.me,Male,41c7:47d8:90e0:b0d8:aca0:eef1:ce8d:2f98,$0.35
553,Teresa,Vasquez,tvasquezfc@gmpg.org,Female,9f4:2944:8944:1ea3:31ab:31e4:a69c:a0e4,$0.66
554,Teresa,Nguyen,tnguyenfd@sphinn.com,Female,9ec8:4518:be0c:d66b:ea4:45d7:86d8:eba3,$4.52
555,Wanda,Howell,whowellfe@rambler.ru,Female,d6bc:1ca3:f762:3851:ee48:33c8:d79b:e0fd,$0.62
556,Eric,Mason,emasonff@si.edu,Male,aedd:d3de:d6b0:7c99:2632:9790:f1db:f118,$8.53
557,Jerry,Reid,jreidfg@freewebs.com,Male,3d1:1762:f4fa:344:5683:6629:8179:c370,$2.57
558,Todd,Hernandez,thernandezfh@technorati.com,Male,cc02:2b4d:33b9:ec7b:eee5:cffe:249c:428e,$3.53
559,Matthew,Ramos,mramosfi@ucoz.ru,Male,2052:c783:68b:f1d8:f84:c7e8:89a8:284,$0.95
560,Jerry,Brown,jbrownfj@networksolutions.com,Male,6b21:1b23:1588:187a:3ddb:80c4:82b3:4636,$8.68
561,Terry,Tucker,ttuckerfk@usatoday.com,Male,8a58:ae44:a90f:fb6b:44b9:b1c9:8fec:24d,$2.99
562,Ralph,Johnson,rjohnsonfl@hao123.com,Male,5251:dd15:5072:4844:5811:f545:7a9a:2a7b,$3.11
563,Jeremy,Franklin,jfranklinfm@seesaa.net,Male,bf13:bd7f:8a27:53d5:2666:8ee:7754:5bb3,$9.84
564,Deborah,Cox,dcoxfn@zdnet.com,Female,92ed:3fa3:8e8a:7bb8:16f8:f036:b4ea:1575,$6.91
565,Tammy,Myers,tmyersfo@photobucket.com,Female,b835:65ac:31e:19ed:556e:2c68:4ec:d42e,$4.48
566,Christopher,Henry,chenryfp@google.com.br,Male,fb98:90de:410:aeb5:664f:d86b:5195:a24d,$8.95
567,Willie,Medina,wmedinafq@addtoany.com,Male,26e0:3d59:9739:3ffd:418f:be7e:19ee:b9c4,$2.42
568,Ronald,Carter,rcarterfr@godaddy.com,Male,46e5:7a9a:f78b:2cf4:47e4:bafd:fb83:c7c0,$3.07
569,Michelle,Grant,mgrantfs@redcross.org,Female,b57b:95ee:cce8:3f72:efdc:5e79:896e:9a85,$9.04
570,Aaron,Hanson,ahansonft@rediff.com,Male,7288:1f30:b104:ca19:7520:8abe:80f1:8ba9,$9.01
571,Raymond,Burns,rburnsfu@apple.com,Male,e52:f7be:e6e:2b7c:a7cc:125e:9904:3c7c,$5.38
572,Julia,Rivera,jriverafv@cloudflare.com,Female,7266:c6c:c554:4e1:9fc9:e634:244c:6fb5,$8.24
573,Terry,Mccoy,tmccoyfw@canalblog.com,Male,b02c:fdbf:b26b:882f:aa0d:f6b:ce9c:ba70,$9.29
574,Alice,Boyd,aboydfx@moonfruit.com,Female,a63:631a:b2e3:86bb:d91c:468a:e321:1062,$4.20
575,Nicole,Stephens,nstephensfy@moonfruit.com,Female,ec5f:4644:d974:35a5:c6f:62f0:a5d9:cebc,$9.92
576,Steve,Young,syoungfz@digg.com,Male,2802:4470:16f7:f858:e026:a1c9:de9c:8e9a,$6.24
577,Jack,Ward,jwardg0@mozilla.com,Male,dec8:f8c:1887:8103:b5ab:b0d5:79e6:827d,$5.79
578,Nicole,Taylor,ntaylorg1@spiegel.de,Female,9d18:963a:d57:b03e:45c7:48b5:b14c:4950,$3.00
579,Todd,Reid,treidg2@sciencedirect.com,Male,10a5:d1c9:232c:1a76:c091:564:1949:6d30,$6.29
580,Marilyn,Thomas,mthomasg3@ezinearticles.com,Female,a6b4:18b8:b893:e650:b2bd:c5ed:83dc:4da4,$8.66
581,Paula,Hunt,phuntg4@flavors.me,Female,b014:5994:50f8:9350:935a:3090:8661:259f,$8.63
582,Adam,Howard,ahowardg5@dagondesign.com,Male,5db2:7a7c:104c:bdf:78e8:991d:ca8d:1e96,$7.96
583,Sharon,Patterson,spattersong6@delicious.com,Female,6b07:c64a:a23d:d6a5:7e7f:d7da:9ee2:bb9a,$3.25
584,Thomas,Smith,tsmithg7@omniture.com,Male,e4cf:eae:d0ac:4a14:de9c:4cc8:4bc0:c487,$8.46
585,Carolyn,Day,cdayg8@wordpress.com,Female,da4d:2bcd:6918:6b86:2690:cd20:2a1b:8b9d,$6.81
586,Jimmy,Shaw,jshawg9@twitpic.com,Male,9837:dcf6:2f9b:9d36:e234:ed85:5b06:cb4b,$9.19
587,Jeffrey,Perez,jperezga@google.ca,Male,fb8a:53d9:c0f2:724e:f24d:8900:14bd:39e2,$0.63
588,Ryan,Montgomery,rmontgomerygb@blogspot.com,Male,e321:5858:ad45:396e:8c4:360:4ab2:7d25,$1.89
589,Alan,Shaw,ashawgc@stumbleupon.com,Male,c111:e69b:289d:5730:24b7:bf28:2533:6c54,$1.80
590,Wayne,Burns,wburnsgd@samsung.com,Male,1591:1605:ecf8:ca4d:2a02:c28d:cc04:68c8,$5.16
591,Sharon,Arnold,sarnoldge@elpais.com,Female,94a2:efdc:c5b8:e486:52f:7e9b:943a:f0ff,$0.43
592,Sandra,Bradley,sbradleygf@netvibes.com,Female,c83d:a523:add6:a7ac:e873:2c5c:b651:56e5,$8.47
593,Anna,Jackson,ajacksongg@sbwire.com,Female,68e6:6c81:7bed:a4eb:d3bb:1624:f0a:ecb9,$0.43
594,John,Gonzales,jgonzalesgh@sourceforge.net,Male,13a2:9d3e:8996:cad8:5bb9:9802:90fd:529e,$5.99
595,Melissa,Mcdonald,mmcdonaldgi@elegantthemes.com,Female,31b:36e6:15b:e89:2b0e:109f:dc8:11d6,$1.85
596,Pamela,Jenkins,pjenkinsgj@flavors.me,Female,cf0d:9a11:f79b:39e8:701:84fd:5352:d1fb,$6.60
597,Kevin,Richards,krichardsgk@yahoo.co.jp,Male,af36:f4d:60b2:60c6:1003:aecb:bd3e:8db8,$1.37
598,Heather,Peterson,hpetersongl@rambler.ru,Female,afe8:e925:b0d7:3366:c393:73b2:1879:f8bc,$7.51
599,Eugene,Morgan,emorgangm@phpbb.com,Male,a032:1d2e:f018:888f:9a2e:3898:3e73:7d7b,$2.90
600,Arthur,Jordan,ajordangn@youku.com,Male,3e4c:f175:b6bf:a52a:f2d6:76c9:cc07:6861,$1.31
601,Earl,Schmidt,eschmidtgo@hao123.com,Male,e6d9:f2d7:d804:132f:4c44:a620:109a:7cb5,$9.26
602,Irene,Clark,iclarkgp@cdc.gov,Female,f9eb:c3b:65a2:c83a:55f5:cd1a:e919:308f,$6.53
603,Alice,Edwards,aedwardsgq@ebay.co.uk,Female,1e73:54c0:d629:fc39:982c:8dd:ece:6cd0,$8.19
604,Wayne,Harper,wharpergr@nymag.com,Male,9f02:6467:8923:8672:94c7:3f69:66b2:9a3,$0.14
605,Tina,Wright,twrightgs@dailymail.co.uk,Female,5442:1f6:ae9b:9e97:f6c1:1d28:d2d2:7753,$4.96
606,Julie,Olson,jolsongt@pinterest.com,Female,ddc6:3a9d:cea7:cd8c:5545:2467:7be6:a096,$3.17
607,Fred,Campbell,fcampbellgu@prlog.org,Male,cc5f:391e:bd69:3c6e:f77:fd43:402f:6ce7,$2.77
608,Irene,Reid,ireidgv@army.mil,Female,e6db:b555:134c:1ded:4840:e1ca:6f8b:d7a4,$4.83
609,Anthony,Richards,arichardsgw@vistaprint.com,Male,d1e4:13bf:faf:9aa3:8e30:b815:81e6:1047,$2.94
610,Mark,Martinez,mmartinezgx@shinystat.com,Male,6680:acc5:a44f:7967:68a7:914d:5af4:ac68,$7.37
611,Angela,Turner,aturnergy@epa.gov,Female,1f52:5f70:7cbd:7adc:7a:d2cb:78cc:6b87,$1.44
612,Diane,Ruiz,druizgz@bluehost.com,Female,689d:dd0c:fc65:be76:b2af:b01d:4f80:bf25,$1.02
613,Marie,Palmer,mpalmerh0@macromedia.com,Female,3af5:c1fa:daa1:d9b:459a:b1:8148:e523,$8.45
614,Susan,Johnston,sjohnstonh1@yelp.com,Female,e962:5170:417f:9e2b:ba40:8a39:ce9f:4c0c,$1.46
615,Carl,Ruiz,cruizh2@bluehost.com,Male,5511:5d13:2594:6aad:982c:1ee2:29e8:f2eb,$4.42
616,Randy,Parker,rparkerh3@hostgator.com,Male,8845:11d9:4fc0:16d0:18d:2e54:e8c0:bd3e,$8.44
617,Jerry,Green,jgreenh4@pen.io,Male,e4bc:f61a:17ba:2be5:2320:25e1:5790:21b,$9.86
618,Ann,Thomas,athomash5@paginegialle.it,Female,fb7b:89af:ffb3:3913:7d8e:6dd0:d09a:dc37,$4.76
619,Robin,Perry,rperryh6@shutterfly.com,Female,585e:25b7:ef15:e973:52a0:541e:8449:22ca,$4.45
620,Catherine,Mitchell,cmitchellh7@whitehouse.gov,Female,4efa:7816:be79:fdef:b26b:24f0:d638:c002,$3.17
621,Melissa,Mitchell,mmitchellh8@ox.ac.uk,Female,c432:4326:3dc9:b3e:57e2:a47b:8950:23cd,$7.09
622,Robin,Martin,rmartinh9@is.gd,Female,66ba:a536:d6d6:c3e6:472a:3e43:ee69:210e,$8.25
623,Angela,Nguyen,anguyenha@who.int,Female,75c8:8482:18df:8137:e7ec:1e5e:496b:7a74,$2.39
624,Emily,Fuller,efullerhb@phoca.cz,Female,91a4:b2fc:c1d0:c841:27d:7be5:3eb5:8cf,$1.60
625,Keith,Carter,kcarterhc@ameblo.jp,Male,94ef:3f89:e2b5:4694:52c2:1432:51ef:8988,$6.78
626,Martha,Nguyen,mnguyenhd@discovery.com,Female,4a92:dde0:2613:8c6a:1496:a069:4a98:3f4a,$9.31
627,Fred,Hayes,fhayeshe@last.fm,Male,7657:73b9:827:a225:ddd7:1a39:e20b:b3b5,$2.44
628,Melissa,Bryant,mbryanthf@java.com,Female,dcaa:27e7:b381:121c:ce5c:fb50:84e:ce48,$0.23
629,Jane,Hughes,jhugheshg@addthis.com,Female,f5fe:dd7c:7aa2:560:e47f:7b31:5171:fec6,$2.79
630,Phillip,Ortiz,portizhh@canalblog.com,Male,f8ff:286c:ebd0:466e:66c:156f:f0c2:acb3,$1.15
631,James,Walker,jwalkerhi@theguardian.com,Male,98b6:9c74:b148:493c:bda0:79fc:1ab0:dcd6,$2.76
632,Stephanie,Daniels,sdanielshj@msn.com,Female,9a47:55c8:c001:215e:723d:928:b20:c50f,$5.76
633,Daniel,Kim,dkimhk@weebly.com,Male,b8ae:3645:566a:b4b2:8af3:7cd0:44ba:7080,$7.55
634,Ruby,Henry,rhenryhl@cafepress.com,Female,62ee:8741:75e5:278f:2e3:b10a:778c:c007,$7.43
635,Kenneth,Powell,kpowellhm@posterous.com,Male,30b6:14b:6db2:595c:1f38:70d6:e5ec:8c20,$1.62
636,Willie,Mills,wmillshn@constantcontact.com,Male,40a8:952:541f:f3b8:cec0:1cea:5c9b:fb79,$1.87
637,Keith,Matthews,kmatthewsho@diigo.com,Male,110:f371:16ea:ff0c:9764:f854:fef1:5439,$2.62
638,Billy,Chavez,bchavezhp@answers.com,Male,2efe:f0dd:32d:8534:9742:be92:d881:8fc3,$8.27
639,Brian,Lawrence,blawrencehq@nyu.edu,Male,7306:2e73:caf8:a29f:72b5:750a:7cf1:5d40,$7.16
640,Nicholas,Reed,nreedhr@ovh.net,Male,69db:eddc:8047:a475:2062:fa7d:a269:cfc8,$7.63
641,Carol,Campbell,ccampbellhs@oaic.gov.au,Female,4b56:6135:1911:8207:d376:94ea:568b:9ac8,$8.49
642,Edward,Williamson,ewilliamsonht@myspace.com,Male,1adf:32a3:6e53:546b:d104:1551:8fe6:410,$4.01
643,Bonnie,Willis,bwillishu@netvibes.com,Female,25ac:2ca1:9d5b:a194:c84c:d2c3:8c50:c2ff,$9.90
644,Christina,Griffin,cgriffinhv@paginegialle.it,Female,7c02:70c:7e86:9c98:8ca5:eb65:482:cebf,$9.65
645,Irene,Dean,ideanhw@ask.com,Female,1119:9a59:6dca:b89c:b844:5c17:9cf9:22df,$2.14
646,Deborah,Oliver,doliverhx@nih.gov,Female,bdf0:f08e:c636:6907:8be6:967c:2c2d:9ea2,$1.34
647,Walter,Nichols,wnicholshy@wordpress.com,Male,c098:3e60:e2f:3200:ccc4:8024:9203:888b,$5.21
648,Todd,Marshall,tmarshallhz@bloglovin.com,Male,af6c:f78f:b81:91a9:9a4c:88b6:e7b:990d,$3.24
649,Brandon,Cruz,bcruzi0@xrea.com,Male,7e64:39a9:4c1c:c23d:9689:bf0f:b5ec:1d00,$2.83
650,Tina,Hudson,thudsoni1@usnews.com,Female,e052:44d3:69bb:7dc2:4e06:f389:eb92:e70e,$3.78
651,Rebecca,Duncan,rduncani2@ning.com,Female,b1c4:5941:b3d5:c4d3:3a19:9b76:7dd3:6545,$0.69
652,Tammy,Jones,tjonesi3@smugmug.com,Female,f27:9210:82ba:f969:d5ff:b4a4:572c:991c,$8.49
653,Timothy,Simmons,tsimmonsi4@ocn.ne.jp,Male,5392:585e:c665:7deb:6489:2daa:c7ec:f9f,$2.44
654,Ruby,Wallace,rwallacei5@unblog.fr,Female,a5fe:1b41:6b76:ccce:8ef6:c6bd:85a2:956e,$5.14
655,Anna,Murphy,amurphyi6@upenn.edu,Female,35b1:99b7:9d08:ec08:6d0f:124:17ec:bb93,$1.57
656,Jason,Castillo,jcastilloi7@imageshack.us,Male,d285:d17e:f95c:f5a:d487:87c4:9e45:b682,$6.06
657,Dennis,Gilbert,dgilberti8@guardian.co.uk,Male,9c01:498d:bd71:b740:e40d:52df:c69:3263,$6.38
658,Matthew,Austin,maustini9@51.la,Male,2714:a62c:3654:4c95:6d4b:30:8808:cf12,$5.29
659,Charles,Mendoza,cmendozaia@craigslist.org,Male,2085:e807:e32e:2c8:d45c:c2ab:2849:acaa,$8.93
660,Paula,Nguyen,pnguyenib@disqus.com,Female,719:a03d:c5cc:2ed6:2fe1:abde:25dc:d2ab,$0.34
661,Clarence,Greene,cgreeneic@intel.com,Male,beaa:959:d7ef:34ce:1418:8ca4:2c05:d0d7,$7.24
662,Maria,James,mjamesid@techcrunch.com,Female,8cc8:a74c:f111:4d9b:916:d8ca:29a0:fa67,$7.11
663,Theresa,Stephens,tstephensie@redcross.org,Female,22e2:ea08:17b2:afb2:f54e:c19:430:fb8a,$5.53
664,Sara,Bailey,sbaileyif@msn.com,Female,d4a2:4860:f257:5ab2:bf5c:2fc4:d719:1ffd,$6.70
665,Sarah,Diaz,sdiazig@baidu.com,Female,6748:afe1:7815:98a1:4691:492e:842f:6f6d,$4.94
666,Judy,Garrett,jgarrettih@digg.com,Female,edd2:991:f863:58bf:50f7:41f6:b348:2631,$1.74
667,Phillip,Powell,ppowellii@linkedin.com,Male,110a:d932:8f33:32af:b1b6:b724:f2b1:923a,$7.51
668,Charles,Fisher,cfisherij@biblegateway.com,Male,71e8:aa34:74fe:b063:d599:5551:e4c:f0d,$9.84
669,Tina,Ortiz,tortizik@marriott.com,Female,90a3:ecde:d0b3:bbde:99b1:7840:192b:6de9,$8.58
670,Harold,Duncan,hduncanil@paginegialle.it,Male,a025:78e4:85cb:beab:8773:2068:2cb2:10ae,$5.34
671,Henry,Cruz,hcruzim@howstuffworks.com,Male,8693:4bbc:ffc8:3377:c6d3:778f:71b6:4f60,$7.58
672,Daniel,Watson,dwatsonin@hao123.com,Male,2657:11d2:b820:d130:875d:91d4:7e89:f3fb,$6.11
673,Joyce,George,jgeorgeio@github.com,Female,718b:50a3:ca3f:57c8:4a3a:b54f:73ca:3f7a,$0.66
674,Julia,Fields,jfieldsip@independent.co.uk,Female,90c:6a5:812:c36c:ab60:d11a:67a0:59fc,$1.05
675,Andrew,Hunt,ahuntiq@webs.com,Male,42ac:84e:63d4:3573:7b1d:2859:671c:45ba,$1.29
676,Beverly,Chapman,bchapmanir@mtv.com,Female,7052:bae0:4cbc:a4b9:6b1c:d77a:e3fa:d437,$8.23
677,Linda,Rodriguez,lrodriguezis@irs.gov,Female,50f5:c269:1b61:b310:16f5:abed:fbcb:a516,$8.23
678,Patricia,Scott,pscottit@mtv.com,Female,c1c2:d485:f0d4:7867:d331:d3d1:f85c:72fa,$1.20
679,Heather,Morrison,hmorrisoniu@cnet.com,Female,e887:d574:625f:cb5c:bc7b:f8a4:54d4:244a,$1.11
680,Lois,Watson,lwatsoniv@ycombinator.com,Female,d0d7:c8cd:6a3f:e99c:5680:add7:3322:dbb1,$5.14
681,Larry,Perry,lperryiw@google.de,Male,5f5e:6b16:9827:a7d5:8f4b:b273:d4:11a7,$9.71
682,Anthony,Burke,aburkeix@tiny.cc,Male,4383:5991:e92c:55cd:7c27:4a6c:341c:cbd4,$3.72
683,Jane,Rice,jriceiy@rambler.ru,Female,7796:27bb:878:e314:80c4:2ec0:3e82:e2ab,$6.61
684,Nicole,Bennett,nbennettiz@symantec.com,Female,fce4:cfbe:9d2e:6ba5:cb:8359:57d2:9602,$2.01
685,Susan,Nguyen,snguyenj0@si.edu,Female,d037:bf99:6d25:46ca:380:2d93:f28b:1ed6,$5.39
686,Charles,Fowler,cfowlerj1@webeden.co.uk,Male,bfa7:2cad:2471:c1fc:9565:bcfa:91e5:8be1,$9.18
687,Justin,Powell,jpowellj2@scribd.com,Male,2c57:67af:c7d9:ba6a:f257:50ee:e923:8686,$4.47
688,Carlos,Reyes,creyesj3@go.com,Male,bff9:e4ed:fff9:4a9a:41ea:aa1a:5f1d:eb50,$2.15
689,Nicole,Thomas,nthomasj4@unblog.fr,Female,3692:d710:6154:3ba0:f910:3eb:f7fc:ecb1,$1.98
690,Robert,Hernandez,rhernandezj5@ft.com,Male,8700:5704:42fa:2a9e:318e:9e0f:234:6061,$6.01
691,Nicholas,Russell,nrussellj6@shop-pro.jp,Male,6828:6cd1:8df7:ab67:33fc:e171:8806:4d63,$3.53
692,Howard,Dunn,hdunnj7@dropbox.com,Male,b446:39a9:d543:bacc:8518:a8d5:8cd5:1e6c,$8.93
693,Evelyn,Olson,eolsonj8@archive.org,Female,7150:106f:946c:4776:3e85:bd6b:25d4:d993,$2.93
694,Laura,Robertson,lrobertsonj9@elegantthemes.com,Female,3469:27ca:24cf:3c91:9642:55ce:c9ed:449e,$4.56
695,Heather,Daniels,hdanielsja@fastcompany.com,Female,7c1a:951b:7ee8:da47:9c3b:85ac:a0b9:bac9,$0.66
696,Keith,Flores,kfloresjb@jalbum.net,Male,e04d:dd04:317f:a00d:eb14:4559:41db:bd2c,$5.90
697,Albert,Rice,aricejc@stumbleupon.com,Male,8346:a965:e146:7331:e362:75a5:2b88:3902,$3.56
698,Brenda,Crawford,bcrawfordjd@apple.com,Female,ac6d:19ad:d7f2:fae7:bc47:2bfc:39c9:3fd1,$5.76
699,Ronald,Stanley,rstanleyje@economist.com,Male,8d8d:bbfd:5316:abc3:ab7b:6f5e:7ade:e31d,$1.22
700,Anna,Ramos,aramosjf@surveymonkey.com,Female,b6cf:3c83:56f4:8015:5d93:9b97:f7bc:19c,$7.57
701,Cheryl,Young,cyoungjg@wiley.com,Female,a427:2cee:2499:8578:4471:3d2b:cfe0:13b9,$2.89
702,Raymond,Ryan,rryanjh@omniture.com,Male,737f:58e0:3e0e:e9f8:b3b4:d17a:7a17:a8a8,$0.15
703,Phillip,Burton,pburtonji@buzzfeed.com,Male,7eba:b2c6:66b:3e8e:43c9:e47b:446e:c2f0,$8.87
704,Diane,James,djamesjj@ihg.com,Female,5ed4:cf30:687f:f452:5642:368a:7e68:ed38,$4.51
705,Judy,Butler,jbutlerjk@twitpic.com,Female,b45f:93d1:9300:138a:ffb5:4c55:9d5b:e760,$6.91
706,Philip,Hamilton,phamiltonjl@google.de,Male,49f4:aa98:98b6:62a9:b526:32bf:c640:5d71,$2.55
707,Jonathan,Murphy,jmurphyjm@disqus.com,Male,4a2b:c7d2:b836:feaf:774a:fc19:b849:662c,$7.60
708,Martin,Martinez,mmartinezjn@desdev.cn,Male,34ff:a633:5c4e:3d7d:1f90:f357:c1dc:8a8c,$4.52
709,Anna,Diaz,adiazjo@shinystat.com,Female,2265:44d9:ec2e:402e:9b5c:e7e0:8ffb:3697,$4.49
710,Paul,Martin,pmartinjp@census.gov,Male,deef:fc27:140d:8607:eb62:e680:3040:f228,$4.54
711,Earl,Howard,ehowardjq@economist.com,Male,840e:ee77:5b64:ab57:aa4a:9e67:22b9:7ba7,$5.10
712,Ryan,Diaz,rdiazjr@narod.ru,Male,4733:3707:a131:66:f502:1c9c:ecc5:6622,$1.69
713,Annie,Baker,abakerjs@mozilla.com,Female,9ae6:d887:5b9e:d965:6db3:7e8:5a5:2e59,$4.11
714,Fred,Alexander,falexanderjt@multiply.com,Male,c754:57c5:ccaa:e830:db5b:6c83:bcf7:81fc,$1.29
715,Steven,Stone,sstoneju@npr.org,Male,adcb:4769:2394:946:bbe7:46f2:384f:1465,$9.26
716,Jimmy,Harrison,jharrisonjv@adobe.com,Male,de3b:3efa:b3e2:1658:3577:2ae6:e67f:e088,$0.02
717,Kathleen,Ryan,kryanjw@umich.edu,Female,b5b:1f7d:a5bd:82f9:74ca:2a0d:eeb:7f85,$8.33
718,Louis,Watkins,lwatkinsjx@wordpress.com,Male,1661:1106:629d:c4b9:3424:debc:63f8:cfbd,$4.49
719,Lisa,Ruiz,lruizjy@cnn.com,Female,1e8f:b0ea:d83b:f0bf:6a03:78f7:64c:850a,$0.31
720,Kelly,Black,kblackjz@google.co.uk,Female,7116:2c63:1284:5dce:4947:daf6:f1ae:b671,$5.78
721,Kathy,Armstrong,karmstrongk0@usda.gov,Female,8786:deb1:ccf4:a71a:b88b:e2b2:c0b1:40e2,$4.19
722,Irene,Jacobs,ijacobsk1@devhub.com,Female,f34:fc16:2473:a809:62bd:eade:e170:6c51,$7.77
723,Joan,King,jkingk2@army.mil,Female,b2fa:ea31:7d3f:9b97:fabc:6d1f:fd57:f9e6,$5.07
724,Lawrence,Harper,lharperk3@mapy.cz,Male,1863:9051:f813:f245:730a:4c8b:5315:9a19,$1.37
725,Steve,Oliver,soliverk4@dropbox.com,Male,509b:5fc8:66c1:babb:2af8:a002:18d:282b,$7.27
726,Frances,Morgan,fmorgank5@google.com.br,Female,50bf:fb3d:630e:7015:865e:95:4e1:6062,$9.71
727,Annie,Kennedy,akennedyk6@bluehost.com,Female,66f7:964:5a02:cf77:da4f:7e3:6f93:4b32,$9.97
728,Donald,Elliott,delliottk7@friendfeed.com,Male,12e0:a567:41bc:3c6a:3a73:6d17:8382:8213,$5.85
729,Eugene,Watson,ewatsonk8@hhs.gov,Male,ebe7:1fe:802f:b108:3ccb:2bcc:bc84:a243,$0.34
730,Willie,Hanson,whansonk9@bravesites.com,Male,a75a:c4d:7a94:66a2:9d7b:6245:3e7:d703,$3.51
731,Emily,Bryant,ebryantka@squidoo.com,Female,d68f:6820:4b9e:e2e0:8101:46d6:d108:9fff,$8.14
732,Rebecca,Gutierrez,rgutierrezkb@mit.edu,Female,f190:8bcc:e680:446f:e12c:8dee:c701:770f,$6.21
733,Cynthia,Bennett,cbennettkc@eepurl.com,Female,c0b9:cc2:702c:3243:bf8d:531:aa21:5750,$6.62
734,Catherine,Carter,ccarterkd@wunderground.com,Female,75c1:7ef6:b71:aba4:895c:3cf6:d4bc:b1f5,$9.11
735,Ralph,Russell,rrussellke@homestead.com,Male,6102:427a:9c04:79c6:5485:3178:2f0e:d6eb,$7.96
736,Kimberly,Campbell,kcampbellkf@redcross.org,Female,1423:a70d:4bff:c5bf:9b2a:3704:3ece:3429,$9.22
737,Donald,Robinson,drobinsonkg@princeton.edu,Male,8574:52e3:172b:e1db:40fa:9c92:d5d2:2492,$2.09
738,Keith,Lawson,klawsonkh@smh.com.au,Male,59f8:f5eb:1311:1b3b:acd1:f78e:5a65:9816,$4.50
739,Ernest,Butler,ebutlerki@fc2.com,Male,c824:4854:d579:b9f0:b987:2f8d:c71e:2dce,$9.21
740,Gary,Allen,gallenkj@cdc.gov,Male,94c2:f2f9:2af7:2685:ba9e:735e:831e:dfed,$1.92
741,Jessica,Jones,jjoneskk@amazon.de,Female,dbdb:36d5:1c7d:3b90:a820:dc74:bfb1:154e,$2.13
742,Jeffrey,Bryant,jbryantkl@aol.com,Male,6db4:f4b0:bebc:c4a6:9e6:c17:d541:95d,$3.65
743,Peter,Gordon,pgordonkm@ycombinator.com,Male,3410:1ec6:df5d:51be:3c35:8784:772f:37da,$5.44
744,Margaret,Jacobs,mjacobskn@privacy.gov.au,Female,d7ae:bd9d:bc3e:2343:869b:20d3:a55f:88f3,$5.34
745,Kathy,Kelly,kkellyko@topsy.com,Female,ef40:cc43:aa2c:fad3:cafa:e369:aa67:e696,$8.92
746,Michelle,Garcia,mgarciakp@dagondesign.com,Female,92d9:9ec7:8d4f:16a5:23bd:1394:36f8:c2bd,$4.91
747,Nancy,Harrison,nharrisonkq@furl.net,Female,62e5:8bd3:c007:19f5:ae8:fbb1:a181:ba21,$5.83
748,Victor,Mitchell,vmitchellkr@cbsnews.com,Male,c11e:fabd:a050:ff4:cd1b:565d:d013:1a61,$2.98
749,Samuel,Schmidt,sschmidtks@last.fm,Male,ea85:8292:895b:9eaf:3dfe:bdc3:9e05:f29e,$1.13
750,Christopher,Lopez,clopezkt@unblog.fr,Male,a922:7c2f:a03a:7ca3:dc07:8593:8368:7a7c,$6.90
751,Earl,Griffin,egriffinku@utexas.edu,Male,e5ca:6cbf:ae90:3559:76e2:68d2:773b:de3,$8.44
752,Louis,Cunningham,lcunninghamkv@prnewswire.com,Male,d13d:eb04:d523:40e2:5aa:efa2:e4eb:b140,$3.99
753,Jean,Ramos,jramoskw@symantec.com,Female,46b1:127a:9ea3:3265:7455:aa92:1d5a:81c3,$0.61
754,Stephen,Bryant,sbryantkx@hubpages.com,Male,100b:8eb:1a06:99c3:fe16:6479:bb40:b0a8,$7.79
755,Irene,Moore,imooreky@printfriendly.com,Female,e2ff:646d:747f:317:8ad3:1a6f:c626:c364,$4.70
756,Louise,Hayes,lhayeskz@bigcartel.com,Female,dd41:350a:679e:96c:bfad:acac:112a:7ce4,$7.73
757,Victor,Gonzalez,vgonzalezl0@jimdo.com,Male,611:1559:ab3e:967a:615d:ca80:519f:b283,$8.02
758,Robert,Edwards,redwardsl1@usgs.gov,Male,d305:6d68:394c:6c38:e72:995f:e03e:538f,$7.88
759,Bonnie,Baker,bbakerl2@bbb.org,Female,318a:ed9a:5b29:b62f:f66f:982:13ad:54c9,$6.87
760,Juan,Torres,jtorresl3@t-online.de,Male,208c:5944:f7a:97c0:5c35:caa2:2f66:d4d7,$4.86
761,Michelle,Barnes,mbarnesl4@state.gov,Female,9d4:7b7d:4ff9:f438:37e4:a903:d28d:c0a2,$9.40
762,Laura,Marshall,lmarshalll5@sun.com,Female,1793:90cc:1b7f:c378:cbe7:8cf1:1c6:726d,$3.91
763,Nicole,Chapman,nchapmanl6@amazon.de,Female,33d1:dfc1:62cc:ad84:b096:e628:f72d:a663,$8.58
764,Johnny,Woods,jwoodsl7@booking.com,Male,2b07:bef7:7ee9:2bda:cb98:57c7:6834:e37b,$0.63
765,Donald,Kennedy,dkennedyl8@berkeley.edu,Male,cc09:1e5c:e342:ec78:3621:38da:417f:44ce,$8.28
766,Larry,Turner,lturnerl9@nsw.gov.au,Male,8046:14ff:1a00:eb6f:8816:42f9:62a9:4c7,$7.11
767,Kathleen,Gardner,kgardnerla@meetup.com,Female,a027:c1bf:4b49:ef:3c35:cb5e:dd8a:6ff4,$1.59
768,Alan,Reed,areedlb@sourceforge.net,Male,dd56:e0e4:ba29:f575:2334:8624:b9e2:af6,$9.24
769,Paul,Lane,planelc@yelp.com,Male,d755:888f:87f1:e304:441d:5d4c:56f0:b7f0,$5.31
770,Janet,Gomez,jgomezld@zdnet.com,Female,cdbb:8a91:5e6e:aa83:529b:e00f:fd06:4c7c,$10.00
771,Amanda,Russell,arussellle@techcrunch.com,Female,e303:b76c:aa19:96bf:d6e4:71f3:fe28:9d25,$2.14
772,Cynthia,Carr,ccarrlf@fotki.com,Female,61ff:23f1:3606:7fd4:35e5:3037:6cba:242e,$0.65
773,Tammy,Flores,tfloreslg@vk.com,Female,3c48:d7eb:35fe:6235:c67b:e7d6:8676:9580,$2.22
774,Louis,Simpson,lsimpsonlh@smh.com.au,Male,69d8:bafa:97ec:aefe:6c3e:e86f:4895:73d8,$0.29
775,Karen,Henry,khenryli@g.co,Female,6ab5:16d8:6130:95e3:7007:4a22:5354:517f,$3.91
776,Theresa,Anderson,tandersonlj@zimbio.com,Female,5b07:db8d:3a0e:28af:781c:41bf:478d:10d8,$3.37
777,Debra,Welch,dwelchlk@time.com,Female,c4de:c14f:3a1:e8f8:11c8:669a:8624:15ab,$2.68
778,Stephen,Elliott,selliottll@studiopress.com,Male,ed6f:d459:de91:110c:fc9a:1645:3045:9528,$0.17
779,Bruce,Diaz,bdiazlm@biblegateway.com,Male,450d:96c9:a220:47c8:1cf2:dda6:ec12:35ad,$9.84
780,Emily,Young,eyoungln@naver.com,Female,4e7d:a91d:1f11:c307:b388:1c5d:6700:b520,$4.03
781,Benjamin,Holmes,bholmeslo@uol.com.br,Male,cf07:e690:d13b:8408:8b81:102e:d95f:9ae7,$2.43
782,Ann,Stone,astonelp@jugem.jp,Female,5767:4689:c780:cedb:e935:669b:4abf:c964,$1.65
783,Jeffrey,Brown,jbrownlq@ifeng.com,Male,2f1:c688:32b6:91bb:916c:2b71:eac1:306f,$7.86
784,Jessica,Wells,jwellslr@rediff.com,Female,6d58:ad33:d35d:7cf8:d5d:a055:1e7:306f,$8.98
785,Gloria,Hernandez,ghernandezls@istockphoto.com,Female,5edf:ecb8:48d:6399:6ae:b4c2:a68c:88d5,$9.29
786,Steve,Davis,sdavislt@slideshare.net,Male,cae2:1d07:55ac:2db5:7971:6165:3a9d:517a,$3.35
787,Angela,Hicks,ahickslu@ning.com,Female,2443:d617:54cd:473f:b06a:e518:4deb:a3ab,$0.03
788,Christine,Johnston,cjohnstonlv@ihg.com,Female,7e9:3ca:672f:a11c:6a47:fbca:5d18:f36f,$1.92
789,Jean,Cox,jcoxlw@narod.ru,Female,887a:3926:c3a1:1cfa:80a5:4114:8cf0:6675,$3.77
790,Stephen,Barnes,sbarneslx@state.gov,Male,fe70:82a0:a05:8538:16c6:4741:c2b3:fed2,$5.48
791,Gerald,Harvey,gharveyly@hhs.gov,Male,c666:f298:b571:1107:6d89:104b:c0b9:7607,$8.65
792,Joyce,Wood,jwoodlz@spiegel.de,Female,6ae8:93e0:c3b4:81ba:28f6:b866:579d:935b,$8.97
793,Wayne,Bailey,wbaileym0@phpbb.com,Male,ce8c:17c9:7a9e:79a8:e24d:f61e:892:4d7,$4.79
794,Juan,Perez,jperezm1@photobucket.com,Male,8b1e:cca3:88a9:a0e6:265b:449b:dab3:67c9,$8.91
795,Susan,Wright,swrightm2@privacy.gov.au,Female,e96:77f9:af09:4204:fd19:7088:4eb3:fd11,$5.97
796,Jean,Bennett,jbennettm3@stumbleupon.com,Female,67df:3c5d:b53f:e303:d6eb:4bf3:975d:97a1,$8.54
797,Christina,Reynolds,creynoldsm4@unc.edu,Female,3e0f:d8c4:10c6:6e7:2ccf:cc87:c77:33ca,$3.16
798,Evelyn,Wood,ewoodm5@yahoo.com,Female,c5a5:f173:416c:52d2:7191:3509:eba1:22d6,$1.00
799,Jason,Jacobs,jjacobsm6@patch.com,Male,6af:54b3:6f3e:c5d7:ea80:16e6:539:9d81,$2.09
800,Pamela,Lane,planem7@wsj.com,Female,2d4a:18eb:5e5a:3541:dd83:fd3c:3693:882c,$6.06
801,Andrew,Owens,aowensm8@imageshack.us,Male,6638:162d:82d4:55a9:9816:22a9:b947:2dab,$0.13
802,Thomas,Hart,thartm9@naver.com,Male,bc4a:3505:7229:664c:d6bd:d79f:5150:de5d,$8.51
803,Ann,Reyes,areyesma@e-recht24.de,Female,4ff9:eac3:aeaf:8c0e:f38f:6d7b:bdd2:fca1,$6.72
804,Julia,Richards,jrichardsmb@bluehost.com,Female,9b41:d95f:1f38:a9cc:1569:4280:a6bc:47d5,$3.11
805,Judy,Cruz,jcruzmc@spiegel.de,Female,f815:ae62:1b1:9571:5da3:5505:b8:6b31,$6.99
806,Peter,Baker,pbakermd@archive.org,Male,942e:d7a6:4de2:5ae4:a1c5:d8fd:5104:4f5c,$7.03
807,James,Watson,jwatsonme@sakura.ne.jp,Male,8e7d:193:f4db:bd6d:7b11:237a:b7e9:71ee,$5.51
808,Deborah,Wallace,dwallacemf@google.pl,Female,3268:a378:7d6c:ca20:58fe:1ec0:7768:5,$8.19
809,Helen,Clark,hclarkmg@blogspot.com,Female,944a:bad6:caa3:a1ed:4a09:9c7c:70eb:e4f4,$6.75
810,Sean,Fowler,sfowlermh@pagesperso-orange.fr,Male,d541:df4:522:542f:fa26:b643:a92a:6e3f,$9.73
811,Louis,Walker,lwalkermi@godaddy.com,Male,8756:d007:5ce0:eac:1dee:8849:ed96:a6ac,$4.12
812,Tina,Rogers,trogersmj@bluehost.com,Female,89a1:8cfa:157a:a54a:a6d9:61cf:c38:33b7,$6.23
813,Brandon,Russell,brussellmk@paginegialle.it,Male,517c:8e77:cc2e:7606:dc9c:da74:ecc4:b4a1,$1.79
814,Ann,Ramirez,aramirezml@kickstarter.com,Female,f390:925e:9ae:2296:f49f:78c7:6731:aba5,$0.59
815,Steve,Johnston,sjohnstonmm@oakley.com,Male,5241:5a1e:8941:f97:9ab0:b656:69cf:73f9,$9.33
816,Billy,Wagner,bwagnermn@nature.com,Male,c702:fb3:3b30:a851:edef:2a44:a8cb:616,$0.48
817,Ronald,Murphy,rmurphymo@blinklist.com,Male,86ca:4a01:55f2:f3f1:bd7c:cc42:5aa0:c6db,$9.33
818,Lois,Webb,lwebbmp@de.vu,Female,d846:7440:72b2:92c2:5955:bfc:9fb5:6dfc,$4.40
819,Gary,Mendoza,gmendozamq@wiley.com,Male,3bde:12f7:aba:8a21:e92c:6f35:9ff1:959c,$3.17
820,Gloria,Griffin,ggriffinmr@cbsnews.com,Female,3edd:d466:6047:e871:89e7:4cae:ec49:3f36,$8.06
821,Alan,Sanders,asandersms@thetimes.co.uk,Male,eaf3:498b:9609:f5ed:6b01:8227:3b7b:830c,$3.31
822,Lawrence,Gutierrez,lgutierrezmt@wikipedia.org,Male,bc3b:5eb8:b08a:cbfb:f136:bb30:e68a:f13d,$1.18
823,Anne,Matthews,amatthewsmu@usgs.gov,Female,b4d7:6aec:674:cd3:82a6:3eef:988a:ec14,$6.13
824,Beverly,Crawford,bcrawfordmv@cnbc.com,Female,ff30:f0b0:9168:82c4:2d5d:a03:5f6d:35bf,$9.09
825,Nicole,Matthews,nmatthewsmw@i2i.jp,Female,cfd2:1d72:5eba:c6db:e65e:155:378b:7c07,$3.61
826,Mark,Cox,mcoxmx@cnet.com,Male,eeeb:ecd2:352e:e111:6805:477d:70f3:2f3c,$5.30
827,Adam,Sims,asimsmy@parallels.com,Male,e08:3f95:ea4c:a9a5:3b27:45e3:c15f:eb76,$8.87
828,Laura,Perez,lperezmz@vistaprint.com,Female,e722:14ee:bc0e:b419:c457:a6b5:90cd:644d,$1.30
829,Kathryn,Watkins,kwatkinsn0@bigcartel.com,Female,433e:6ef7:75bc:79c3:617e:f726:a38d:7d06,$4.51
830,Stephen,Gardner,sgardnern1@census.gov,Male,1558:149f:a496:ecbf:a1d3:fdc1:bac5:4f8c,$7.03
831,Ashley,Mendoza,amendozan2@altervista.org,Female,5d54:c08:6772:c8cc:c897:77c4:33c0:9913,$5.73
832,Phillip,Fisher,pfishern3@vkontakte.ru,Male,135c:b97:39e7:b12d:3287:1669:835b:169,$1.49
833,Sarah,Anderson,sandersonn4@time.com,Female,24e6:ffaf:8ba0:d7a3:a97f:f61f:2ebc:ee18,$5.49
834,Tammy,Collins,tcollinsn5@histats.com,Female,f0a6:5371:bc6b:1e75:7411:9bb0:b120:eda0,$3.41
835,Cynthia,Phillips,cphillipsn6@addtoany.com,Female,591b:23e4:fa9c:1132:1c88:c8e3:3c15:64dd,$4.74
836,Linda,Pierce,lpiercen7@example.com,Female,6bc8:2156:a08f:1bde:9b0d:bc5f:c6f7:7e36,$5.62
837,Nicole,Sanders,nsandersn8@hubpages.com,Female,a0d8:3d31:2c3:d73:739f:fa64:2c8d:d119,$0.08
838,Kathy,Grant,kgrantn9@miibeian.gov.cn,Female,dfb5:ffec:cb10:f202:60b7:8277:b0fd:d1e1,$3.16
839,Larry,Patterson,lpattersonna@twitpic.com,Male,7005:502b:efef:5a8c:7d6b:78bb:b1c2:a828,$7.89
840,Kevin,Ford,kfordnb@paginegialle.it,Male,73ae:6250:c072:ddec:6435:f555:3ee7:ffd1,$4.31
841,Ruby,Daniels,rdanielsnc@phoca.cz,Female,6dc1:30eb:93c2:fe8e:834c:fe9e:acbf:76d8,$0.15
842,Robert,Matthews,rmatthewsnd@shutterfly.com,Male,7ed5:b11a:796a:4283:6858:3c8a:e44d:c3fe,$9.02
843,Betty,Gibson,bgibsonne@marketwatch.com,Female,b6a3:cdbe:f338:215c:52fe:2d45:cd55:436a,$9.23
844,Russell,Porter,rporternf@fc2.com,Male,ea64:fd5c:b378:21dc:e3e1:7f42:95aa:fcbc,$6.58
845,Thomas,Scott,tscottng@amazon.co.uk,Male,63b:d334:2b4:25da:547f:5151:4148:feb9,$8.32
846,Jane,Cole,jcolenh@nba.com,Female,6155:7b65:9e40:8287:c9b1:54da:f5d9:b197,$2.03
847,Linda,Howell,lhowellni@usgs.gov,Female,b7e9:fd2:efb1:cad9:e4f2:d949:fc32:be9b,$2.17
848,Mark,Rice,mricenj@oaic.gov.au,Male,f444:26b7:e3dd:3272:1b1a:3eb9:e98d:3675,$9.39
849,Laura,Daniels,ldanielsnk@fotki.com,Female,ce81:c562:4c51:59a2:421:73e3:5c7f:9594,$4.81
850,Cynthia,Walker,cwalkernl@yelp.com,Female,a069:3168:c25f:2771:4724:8d47:aa00:ae8,$4.88
851,Shawn,Ellis,sellisnm@sakura.ne.jp,Male,8e6a:4652:f94c:ac7c:d08f:af4c:f904:74d4,$5.50
852,Adam,Hill,ahillnn@theglobeandmail.com,Male,eb15:7cd8:dd5b:2d37:9112:1b07:64f4:f346,$5.25
853,Jennifer,Burke,jburkeno@smugmug.com,Female,c564:4417:1873:b76c:f29b:791c:5140:1d8b,$5.95
854,Julie,Fernandez,jfernandeznp@bizjournals.com,Female,79b4:af2:7163:aae8:5faf:433f:9900:7c37,$5.64
855,Jerry,Snyder,jsnydernq@over-blog.com,Male,4adf:48fb:91b9:abf9:9a3a:bf94:cc48:f28d,$5.82
856,Tammy,Watkins,twatkinsnr@paginegialle.it,Female,adda:1cc9:b5fd:232f:b908:8ac2:149b:fee9,$1.70
857,Nicole,Fox,nfoxns@surveymonkey.com,Female,2000:b561:cd41:b2c:5417:d5bb:b1ab:5e3f,$6.24
858,Carlos,Myers,cmyersnt@e-recht24.de,Male,1d49:ef8a:9433:77b1:78a9:b5c0:661:c891,$0.00
859,Nicholas,Alexander,nalexandernu@xrea.com,Male,74bb:f08b:d8ce:db1e:68d2:1dbd:a95d:8c6e,$6.83
860,Aaron,Hamilton,ahamiltonnv@technorati.com,Male,3b6c:f476:7d8e:8e46:d279:d54:f089:12f3,$4.62
861,Barbara,Chapman,bchapmannw@prweb.com,Female,f18c:c6ba:ee67:86a5:f512:d15b:8962:d34c,$9.62
862,Earl,Dean,edeannx@xrea.com,Male,6545:273a:4584:4e54:e8ff:df29:6e2:4f30,$7.41
863,Jeremy,Warren,jwarrenny@mac.com,Male,63e6:5cb6:c454:b4f2:cbc1:87da:8bba:54d1,$1.43
864,Albert,Porter,aporternz@shinystat.com,Male,281b:abb:eeea:533f:cb18:a3c1:692c:b5c6,$6.31
865,Arthur,Simpson,asimpsono0@engadget.com,Male,cb50:e85c:6e9:e128:cf42:7cd:1524:c13c,$0.98
866,Roy,Woods,rwoodso1@php.net,Male,f872:62af:2a93:6389:a4e8:e271:e7d:6ab9,$5.68
867,Tina,Rodriguez,trodriguezo2@ibm.com,Female,4c8e:804c:9127:820:d509:b21a:6f15:540,$4.76
868,Sara,Williams,swilliamso3@qq.com,Female,b82d:221:5bbc:ae12:210f:dc5e:a700:6a21,$0.07
869,Bruce,Morris,bmorriso4@example.com,Male,7dd5:ee55:1e8:637b:2328:dd4a:b363:b7f1,$5.11
870,Emily,Harrison,eharrisono5@yolasite.com,Female,e22a:f95b:3f4e:ed07:6d6b:9c12:92a6:f99e,$9.81
871,Judy,Long,jlongo6@exblog.jp,Female,eb1d:31b7:cef2:c0ac:d2f7:f76:e319:7e7c,$6.51
872,Mary,Lawrence,mlawrenceo7@unblog.fr,Female,fcf5:a106:4b6a:e245:7d97:9c75:57ae:50a6,$7.14
873,Timothy,Hicks,thickso8@earthlink.net,Male,2b5d:46d9:3575:6c72:dd4f:da52:4e0d:845,$0.48
874,Roy,Robertson,rrobertsono9@google.ru,Male,246a:4a87:c723:32e1:6c56:a4e1:44ca:6477,$1.56
875,Julie,Roberts,jrobertsoa@rakuten.co.jp,Female,c391:bf68:fd81:fcd5:bc61:9e8c:684f:610,$0.56
876,Marie,Marshall,mmarshallob@globo.com,Female,94e3:28d7:a59b:59bd:cbba:7d09:6873:17a5,$4.12
877,Doris,Ryan,dryanoc@lulu.com,Female,ddb6:db38:1a2a:e7da:e6b1:629b:90b0:16,$7.59
878,Melissa,White,mwhiteod@virginia.edu,Female,2cd:fb23:c03d:a6c4:745e:83e7:cd50:9591,$9.21
879,Patrick,Green,pgreenoe@microsoft.com,Male,f0b7:eb48:2e:d50:48f6:81ef:9f13:aa25,$5.08
880,Edward,Allen,eallenof@biglobe.ne.jp,Male,d55b:21fd:dd28:877:8d67:a2bf:35c5:de43,$9.30
881,Brandon,Wallace,bwallaceog@cornell.edu,Male,f13f:acf2:9c0b:43ce:31b7:4402:45f1:d5a0,$9.81
882,Alice,Carpenter,acarpenteroh@techcrunch.com,Female,e65c:74ea:3f1d:33be:781d:b102:d8b5:f120,$3.78
883,Jane,Myers,jmyersoi@liveinternet.ru,Female,7a8b:5017:8b87:74fa:5800:8721:1807:87f0,$3.59
884,Brenda,Elliott,belliottoj@nymag.com,Female,5041:6a80:a0a2:295e:e988:4fc1:39b8:3648,$7.11
885,Clarence,Bryant,cbryantok@epa.gov,Male,4145:ac2b:5326:2f70:f98b:947b:2ead:a79b,$0.78
886,Maria,Mcdonald,mmcdonaldol@msu.edu,Female,24d1:6b0b:3c77:ed02:e06b:59c0:3790:8fcf,$1.22
887,Betty,Ramos,bramosom@mashable.com,Female,807b:c9cd:498f:4edd:dee:788a:6da4:d9cd,$0.23
888,Debra,Robertson,drobertsonon@deviantart.com,Female,69a2:4274:147d:646e:6148:6ad3:7746:35e0,$1.87
889,Amy,Mendoza,amendozaoo@yahoo.com,Female,377:91c8:54fd:9d1e:df29:42e0:474c:b1f0,$0.41
890,Jeffrey,Ross,jrossop@nydailynews.com,Male,dca9:f55d:7133:7f76:a42b:2695:97aa:a8f9,$7.22
891,Irene,Rose,iroseoq@dedecms.com,Female,13a3:8232:a501:94c4:1b49:6f17:e1e6:d34b,$3.57
892,Philip,Rivera,priveraor@si.edu,Male,fc6e:78f0:a257:cfb8:f336:a731:8744:1dd9,$0.29
893,Rebecca,Jones,rjonesos@springer.com,Female,d4f1:56c5:1282:61b6:216f:3ed5:7ed4:5c2a,$5.44
894,Earl,Bishop,ebishopot@earthlink.net,Male,ef73:d597:db7:4916:67a9:b79b:14f8:ea42,$8.07
895,Ryan,Smith,rsmithou@rakuten.co.jp,Male,998b:4eec:2a15:5189:9115:5aa2:1c85:4808,$7.70
896,Henry,Carter,hcarterov@wikimedia.org,Male,886c:375e:5e9f:e273:e97:9baa:d26c:9f86,$8.23
897,Alan,Harris,aharrisow@bloomberg.com,Male,a484:27dc:ddbe:a126:110d:f21:66d7:d597,$2.17
898,Beverly,Owens,bowensox@cornell.edu,Female,f465:7dbf:e79f:dbe0:999b:417c:c1d9:f70f,$1.60
899,Anna,Jones,ajonesoy@cornell.edu,Female,5ffa:ffaa:ac9e:d4c8:7381:a944:39b7:fecc,$9.30
900,Wayne,Wright,wwrightoz@fotki.com,Male,33d7:e3aa:e468:fa35:901b:691b:ff10:eb9c,$0.92
901,Roy,Garcia,rgarciap0@bloglines.com,Male,dd29:8c16:1c3f:5792:b969:571a:edc9:eb48,$6.75
902,Patricia,Hernandez,phernandezp1@ebay.co.uk,Female,7ac:a5c9:1dc9:749f:4606:4a25:c3da:9a3,$7.88
903,Earl,Pierce,epiercep2@de.vu,Male,a954:ba4d:85e4:a263:e256:3c45:568a:53a2,$4.22
904,Tammy,Welch,twelchp3@edublogs.org,Female,ff0b:196c:42fa:f6ec:ef72:e0de:7c7c:911b,$4.54
905,Bruce,Armstrong,barmstrongp4@cyberchimps.com,Male,37dd:8667:5796:f7f2:966:25ac:450:ffd5,$6.93
906,John,Hicks,jhicksp5@theguardian.com,Male,8fa5:2cfd:6372:2eb6:bf5c:aca9:140c:49d,$4.57
907,Randy,Lawson,rlawsonp6@blogger.com,Male,c389:c11e:a1e5:31fe:9524:ddb7:163e:111f,$1.47
908,Martha,Frazier,mfrazierp7@flickr.com,Female,b28f:9268:2c73:62ec:9b76:18ab:625b:ed29,$5.47
909,Lawrence,Chapman,lchapmanp8@blogtalkradio.com,Male,d076:1562:6fde:cbc3:7176:626d:7c54:9521,$5.21
910,Daniel,Lopez,dlopezp9@odnoklassniki.ru,Male,d4a:aa5e:5abd:5dd3:1025:ece:e57d:aeeb,$4.97
911,Marie,Chapman,mchapmanpa@ustream.tv,Female,c955:20d4:67fb:dcde:2ce7:7c5f:b2cf:228b,$8.65
912,Jimmy,Griffin,jgriffinpb@reddit.com,Male,aced:f0d2:2a5c:5213:91ec:6cf3:eed:d8f8,$9.31
913,Roy,Andrews,randrewspc@bizjournals.com,Male,3987:c2d7:e1c8:7a10:8c67:e213:f222:9ad6,$5.18
914,Jane,Graham,jgrahampd@phoca.cz,Female,b81f:c5dd:9ec8:c92f:4eaa:3329:a0ca:a618,$5.73
915,Harry,Harper,hharperpe@spotify.com,Male,2975:f590:391a:3807:adbf:3111:e058:d09e,$3.65
916,Keith,Flores,kflorespf@weebly.com,Male,2f90:83a9:5990:f732:e08f:d52b:c059:8ac7,$6.49
917,Jacqueline,Bradley,jbradleypg@plala.or.jp,Female,b644:6144:8d06:4539:3d01:8ef0:5fb5:d9d8,$0.68
918,Sharon,Garza,sgarzaph@cyberchimps.com,Female,f194:12d3:19ad:b99a:b59f:c102:ae28:5901,$9.39
919,Lois,Hill,lhillpi@tuttocitta.it,Female,b399:c839:6c68:c81c:de1d:7a90:487a:19d8,$4.74
920,Lillian,Alvarez,lalvarezpj@chron.com,Female,b7f:f6c0:827c:2d41:af11:be23:f12f:2923,$7.84
921,Tina,Cruz,tcruzpk@upenn.edu,Female,8e41:984:55ab:25e2:91f:1633:4484:3279,$4.31
922,Richard,Burke,rburkepl@ft.com,Male,aa6b:34d3:70c7:33db:a0b3:3076:eb7f:d41f,$7.96
923,Edward,Dunn,edunnpm@google.com.hk,Male,110a:bc01:49ff:4190:3abd:821b:62a0:b4e7,$9.76
924,Jane,Mills,jmillspn@dailymail.co.uk,Female,3774:50ed:f6e:2a15:eb66:e4d2:5152:f18b,$0.14
925,Howard,Larson,hlarsonpo@imdb.com,Male,24e0:af40:5647:571:a83a:6f1e:bc02:6ab8,$3.65
926,Randy,Lawson,rlawsonpp@irs.gov,Male,6549:c2fd:27d7:ffc0:83e3:ae9d:3090:1512,$8.76
927,Kimberly,Foster,kfosterpq@samsung.com,Female,73b9:94cb:41f2:ac3b:8341:d7dc:45b7:e126,$6.32
928,Jerry,Montgomery,jmontgomerypr@telegraph.co.uk,Male,726:c9cf:f5b:3795:68e8:e0fe:c7b5:6bda,$1.01
929,Kathleen,Burton,kburtonps@shutterfly.com,Female,68f5:4928:96a9:c1ba:b249:5d1:4af1:8217,$5.83
930,Bobby,Meyer,bmeyerpt@google.com.hk,Male,3aab:be0f:e91d:7ff7:1a40:231d:8a8:4f2e,$8.36
931,Sean,Clark,sclarkpu@fc2.com,Male,c344:de6c:5fcb:3971:8429:5de8:4d2b:3fcf,$8.71
932,Roy,Hill,rhillpv@bigcartel.com,Male,b83d:e11c:cc79:784d:6d6f:6a74:12b0:524e,$1.11
933,Andrea,Stewart,astewartpw@wikispaces.com,Female,dc15:c61a:197c:d7c7:98c3:1f2c:e854:b2bb,$8.38
934,Amanda,Oliver,aoliverpx@reuters.com,Female,6aa6:5bc3:22a4:b56:3d38:7073:7d4e:a133,$7.46
935,Tammy,Snyder,tsnyderpy@uol.com.br,Female,c916:8950:728b:c83e:f7d9:9f6d:1031:2ac8,$3.06
936,John,Rose,jrosepz@hc360.com,Male,3f61:4ea5:dc00:c9ab:1bbb:9b99:aa97:60eb,$8.64
937,Amanda,Myers,amyersq0@lulu.com,Female,b09b:b5cc:16de:d477:7dd4:fb2b:b7ad:a537,$0.29
938,Amanda,Mccoy,amccoyq1@smh.com.au,Female,b047:f406:2b04:d4ee:6e0b:65db:4d45:104a,$9.40
939,Eugene,Bennett,ebennettq2@istockphoto.com,Male,ab88:d39e:49c3:833c:83cb:aa98:298a:5d69,$9.82
940,Kevin,Kelley,kkelleyq3@chronoengine.com,Male,cad5:ef2c:f493:d253:b531:d618:9b63:77c2,$7.99
941,Amanda,Fisher,afisherq4@dmoz.org,Female,7a9:f13:88b2:1375:6da2:fac9:4cd2:637c,$2.58
942,Heather,Miller,hmillerq5@upenn.edu,Female,b3d2:b64:374d:cd6e:8719:e124:6b41:98fc,$4.75
943,Frank,Perry,fperryq6@scribd.com,Male,1ec6:c17:3a4:36d:c60:ae:62a8:50d8,$9.70
944,Emily,Weaver,eweaverq7@biglobe.ne.jp,Female,7bb8:a9d0:37f8:b0c9:9435:cfc2:32de:dc00,$2.87
945,Jane,Rogers,jrogersq8@marriott.com,Female,aee3:8f01:e77d:1d97:c579:2cd0:7217:ed34,$2.18
946,Laura,White,lwhiteq9@dmoz.org,Female,875f:e06d:c3aa:5cce:b960:3cdb:ae2f:7828,$3.76
947,Marie,Freeman,mfreemanqa@telegraph.co.uk,Female,c767:7c38:8c9e:44e3:876b:7fbc:d20b:fc91,$9.90
948,Jonathan,Perez,jperezqb@canalblog.com,Male,6da6:89df:6669:202f:ba79:c6a6:2043:2669,$5.22
949,Timothy,Gutierrez,tgutierrezqc@state.tx.us,Male,b2a5:9c26:e069:7bbd:cf8b:6a19:c196:103d,$4.27
950,Jimmy,Howell,jhowellqd@miitbeian.gov.cn,Male,8801:a02f:fabe:dbf5:74c8:cc07:c9ad:aec1,$3.82
951,Tammy,Bryant,tbryantqe@bloglovin.com,Female,f6cf:ec2b:162c:bcc6:3a07:c805:fdbf:806f,$9.03
952,Frances,Morris,fmorrisqf@examiner.com,Female,89e3:8a74:d86c:9578:3e42:27b1:5703:a3a1,$0.87
953,Albert,Riley,arileyqg@diigo.com,Male,bb7a:d706:8836:3936:e0e4:493b:c1fa:9816,$5.34
954,Janice,Nichols,jnicholsqh@yellowpages.com,Female,9bbb:7d24:f97a:732:ef19:d55:9bb0:7953,$4.77
955,Justin,Nelson,jnelsonqi@angelfire.com,Male,ce62:d248:fddb:aa32:95b0:580e:69c7:465f,$6.86
956,Kathy,Butler,kbutlerqj@barnesandnoble.com,Female,5516:fe77:1d19:a5c0:9bf7:e2fa:2711:6a74,$8.67
957,Phyllis,Lane,planeqk@photobucket.com,Female,b05a:1734:d85b:6fdc:5726:cbc4:84cc:8ee9,$6.72
958,Carol,Morgan,cmorganql@tamu.edu,Female,ffd2:ecc:8787:bf58:97df:c8f7:254d:7bff,$6.36
959,Andrew,Franklin,afranklinqm@linkedin.com,Male,9315:b4d0:1521:7fbe:355e:e4a1:ba9d:c975,$3.67
960,Carlos,Ellis,cellisqn@liveinternet.ru,Male,f5cd:50d5:640e:d685:6a2a:c46:66dd:a853,$8.05
961,Anna,Smith,asmithqo@barnesandnoble.com,Female,f158:fb7e:2a9e:f622:f58b:2079:8ac4:1ff1,$1.96
962,Michelle,Morales,mmoralesqp@geocities.com,Female,e6ba:cff9:7062:64e1:260c:7098:426d:874b,$6.23
963,Roy,Morales,rmoralesqq@privacy.gov.au,Male,16d2:a749:9c6a:b19f:5587:69df:da86:45d,$1.20
964,Adam,Fernandez,afernandezqr@mapy.cz,Male,a51:2998:e94b:2eb3:2b1:be6c:c577:a7c,$9.63
965,Evelyn,Perez,eperezqs@amazon.com,Female,4d67:e3b8:f0ee:517:abe6:637e:3746:a846,$9.76
966,Brenda,Jordan,bjordanqt@google.nl,Female,bca0:b092:e48b:69f0:ee8a:55d0:2cb4:9ece,$2.89
967,Linda,Snyder,lsnyderqu@twitter.com,Female,fcae:e547:bfed:2946:6e31:8576:3bd0:1257,$3.75
968,Deborah,Tucker,dtuckerqv@cdc.gov,Female,24bb:d8c5:ceba:1463:9c6e:280d:6c64:b3a2,$8.29
969,Benjamin,Watkins,bwatkinsqw@wisc.edu,Male,6f38:194:dde:b8b9:f1d7:45ba:743b:2e60,$5.67
970,Nancy,Woods,nwoodsqx@baidu.com,Female,d65b:5cde:6980:a0d2:263:a7b8:d11d:7c7f,$9.87
971,Irene,Jacobs,ijacobsqy@yolasite.com,Female,4d21:6204:57ff:1b24:899c:ec27:265e:d247,$8.56
972,Juan,Cox,jcoxqz@shinystat.com,Male,43f4:1fe0:a70b:da4f:9d04:492f:968d:dddb,$7.19
973,Marie,Snyder,msnyderr0@redcross.org,Female,5d58:8683:3fc0:7f1f:4326:c40c:5677:c3ae,$8.76
974,Randy,Parker,rparkerr1@pen.io,Male,2bbe:6832:165b:b900:601a:b5f5:94ed:e082,$4.30
975,Rebecca,Montgomery,rmontgomeryr2@ow.ly,Female,48c9:8a6b:3389:4b39:2e57:2cc3:409d:d8e9,$0.63
976,Ruby,Allen,rallenr3@51.la,Female,36dc:4495:9963:6816:9753:efd0:8328:8b58,$4.24
977,Cheryl,Hunt,chuntr4@behance.net,Female,5201:12a4:b784:77fc:112b:4338:cd36:3d96,$2.89
978,Douglas,Foster,dfosterr5@com.com,Male,c1ff:b023:d7b1:3c2d:7758:4c9:c67d:b2b8,$9.58
979,Terry,Rose,troser6@about.me,Male,1309:1d00:f378:5e69:74b8:5d91:4db4:a5d4,$8.13
980,Willie,George,wgeorger7@yahoo.com,Male,364:5206:b638:50fa:96b9:ef79:a8d7:406a,$7.86
981,Roy,Young,ryoungr8@etsy.com,Male,9e8a:3878:4ea:b54:fbb4:85b9:436f:7713,$1.91
982,Amy,Mccoy,amccoyr9@bbb.org,Female,a812:885f:6167:c4a:36e5:f0cd:b4fd:917,$4.70
983,Laura,Morris,lmorrisra@usatoday.com,Female,810a:9f6b:8122:232f:cea3:1004:ff7e:1a5a,$9.22
984,Jack,Montgomery,jmontgomeryrb@stanford.edu,Male,739f:df78:7ba9:bc3e:be6a:d999:947f:948c,$0.91
985,Christina,Simmons,csimmonsrc@histats.com,Female,e8b3:b5d7:2a19:ee5:9bc7:7b5e:b88c:c21,$2.02
986,Stephen,Barnes,sbarnesrd@walmart.com,Male,cf:6216:a520:b994:b0ad:8c8:873d:9e56,$9.51
987,Shawn,Burns,sburnsre@nih.gov,Male,b084:a1f6:c8ff:e68b:1294:e3f4:d758:d98a,$7.06
988,Jonathan,Thomas,jthomasrf@stanford.edu,Male,3e4d:4322:f008:ef9f:a60d:2c5f:3159:7373,$5.12
989,Scott,Carr,scarrrg@google.cn,Male,b152:3673:a0d:6c81:f844:a917:b6c7:73c8,$4.72
990,Robin,Phillips,rphillipsrh@homestead.com,Female,d4c5:da0f:9fb8:a6f5:23d5:c764:dd4b:5a8e,$9.41
991,Robin,Ramirez,rramirezri@mac.com,Female,3fba:72b6:80a6:6db6:41f2:acd7:d827:8aed,$9.27
992,Kimberly,Wallace,kwallacerj@vimeo.com,Female,10e9:25db:af5c:bd57:7de7:d632:c066:cac9,$3.41
993,Keith,Rivera,kriverark@mysql.com,Male,edf1:dfde:69f2:a08b:7534:333d:62ad:b85b,$6.29
994,Nicole,Castillo,ncastillorl@surveymonkey.com,Female,6eda:479a:88d3:a9dd:9932:eb2b:c9bb:c20d,$1.08
995,Patricia,Crawford,pcrawfordrm@cdc.gov,Female,da61:5f90:ea14:d271:e265:6169:59c8:5616,$0.81
996,Nicholas,Allen,nallenrn@topsy.com,Male,61e1:d441:3b4e:ceb0:a350:1b1b:2ec9:1f3e,$5.51
997,Arthur,Rose,arosero@tinypic.com,Male,8b5b:9c65:c936:bb85:bf9b:2ca:b957:2801,$1.77
998,Donna,Crawford,dcrawfordrp@cpanel.net,Female,20d3:7439:a717:2c7b:65b3:43be:37c8:be78,$0.81
999,Douglas,Sullivan,dsullivanrq@paginegialle.it,Male,4f00:4de5:fd7b:fe8:559d:9a42:782f:5fdc,$2.20
1000,James,Stevens,jstevensrr@admin.ch,Male,12db:19dc:f05d:29cf:9d61:da37:1047:1fed,$2.93
