ID,Nombre,Apellido
1,Nancy,Hawkins
2,Kathleen,Olson
3,Joe,Fernandez
4,Anne,Payne
5,Billy,Foster
6,Teresa,Morris
7,Elizabeth,Arnold
8,Julia,Watkins
9,Kevin,Sullivan
10,Angela,Riley
11,Benjamin,Olson
12,Phyllis,Reynolds
13,Todd,Stanley
14,Anthony,Hawkins
15,Andrea,Sims
16,Anna,Williams
17,Jennifer,Fisher
18,Billy,Oliver
19,Harry,Nichols
20,Andrea,Meyer
21,Charles,Williamson
22,Keith,Wilson
23,Gloria,Campbell
24,Anna,Henderson
25,Jimmy,Cruz
26,Barbara,Flores
27,Diana,Williamson
28,Antonio,Harper
29,Eric,Bradley
30,Jerry,Crawford
31,Joshua,Bell
32,Roy,Peters
33,Roger,Gilbert
34,Patrick,Stone
35,Brandon,Perkins
36,Juan,Perez
37,Diane,Garrett
38,Thomas,Robinson
39,Daniel,Hall
40,Carolyn,Burton
41,Kenneth,Stephens
42,Jean,Cole
43,Andrea,Frazier
44,Jessica,Cooper
45,Kathy,Hanson
46,Kimberly,Woods
47,Justin,Banks
48,Carol,Greene
49,Jacqueline,Gutierrez
50,Ruth,Medina
51,Joan,Kelley
52,Brenda,Stewart
53,Joe,Moreno
54,Richard,Murray
55,Wanda,Hamilton
56,Amanda,Price
57,Joyce,Gordon
58,Shirley,Fernandez
59,Patrick,Thomas
60,Pamela,Reed
61,Dorothy,Fox
62,Gloria,Jones
63,Jason,Harvey
64,Lori,Owens
65,Steven,Myers
66,Janet,Garza
67,Sharon,Willis
68,Dennis,Hawkins
69,Emily,Bryant
70,Christine,Lane
71,Kelly,Lane
72,Doris,Flores
73,Thomas,Green
74,Gloria,Moore
75,Steven,Lewis
76,Larry,Carpenter
77,Rachel,Harrison
78,Mary,Perry
79,Adam,Watson
80,Stephen,Freeman
81,Katherine,Young
82,Janet,Perkins
83,Bruce,Evans
84,Carl,Morris
85,Charles,Harper
86,Joseph,Clark
87,Gary,Thompson
88,Harold,Hansen
89,Jeffrey,Freeman
90,Norma,Rose
91,Marilyn,Meyer
92,Wayne,Perkins
93,Evelyn,Scott
94,Brandon,Henderson
95,Louise,Boyd
96,Jose,Wood
97,Paula,Cunningham
98,Martha,Jenkins
99,Marie,Hall
100,Stephen,Stevens
101,Joshua,Lynch
102,Donald,Black
103,Brandon,Wood
104,Emily,Oliver
105,Sara,Burton
106,Ernest,Wheeler
107,Steve,Chapman
108,Anthony,Jacobs
109,Jacqueline,Black
110,Carolyn,Hernandez
111,Todd,Hughes
112,Donna,Phillips
113,Bruce,Reed
114,Pamela,Kelley
115,Joe,Miller
116,Wayne,Wood
117,Louis,Scott
118,Cheryl,Franklin
119,Phillip,Turner
120,Robin,Wilson
121,Sharon,Kelley
122,Robert,Butler
123,Frank,Johnson
124,Lillian,Burton
125,Todd,Hawkins
126,Larry,Lawrence
127,Christine,Frazier
128,Johnny,Bennett
129,James,Graham
130,Martha,Schmidt
131,Carolyn,Olson
132,Stephanie,King
133,Matthew,Bradley
134,Elizabeth,Reynolds
135,Antonio,Stevens
136,Maria,Larson
137,Lori,Fernandez
138,Henry,Evans
139,Jonathan,Gonzales
140,Martin,Fuller
141,Margaret,Cunningham
142,Eugene,Miller
143,Linda,Simmons
144,Russell,Frazier
145,Laura,Lawson
146,Dorothy,Jacobs
147,Helen,Bishop
148,David,Burke
149,Christine,Castillo
150,Julie,Tucker
151,Terry,Stephens
152,Betty,Stewart
153,Cheryl,Mccoy
154,Gloria,Pierce
155,Eric,Rivera
156,Johnny,Wood
157,Janet,Bennett
158,Philip,Nelson
159,Kathy,Matthews
160,Dorothy,James
161,Catherine,Carroll
162,Lisa,Turner
163,Susan,Lawrence
164,Judy,Thomas
165,Michelle,Harvey
166,Anne,Marshall
167,Jack,Gonzales
168,Cynthia,Hall
169,Kevin,Anderson
170,Edward,Powell
171,Harry,Spencer
172,George,Mendoza
173,Jonathan,Cox
174,Anna,Carpenter
175,Richard,Franklin
176,Sara,Cook
177,Rebecca,Wilson
178,Jeffrey,Wright
179,Gerald,Ramos
180,Maria,Turner
181,Ronald,Peterson
182,Antonio,Washington
183,Nicholas,Dunn
184,Louis,Black
185,Nancy,Jenkins
186,Deborah,Young
187,Angela,Stevens
188,Carlos,Bailey
189,Todd,Ramos
190,Jane,Peters
191,Bruce,Parker
192,Ruth,Peterson
193,Richard,Welch
194,Timothy,Ward
195,Louise,Dunn
196,Alan,Coleman
197,Catherine,Stone
198,Kenneth,Webb
199,Helen,Frazier
200,Judy,Henry
201,George,Torres
202,Catherine,Reynolds
203,Theresa,Reed
204,Henry,King
205,Paula,Thomas
206,Linda,Hudson
207,Nancy,Castillo
208,Sean,Woods
209,Gary,Hunter
210,Mark,Martinez
211,Shawn,Reed
212,Michelle,Johnston
213,Carol,Dunn
214,Douglas,Burns
215,Sean,Jones
216,George,Gutierrez
217,Kathy,Kelly
218,Marie,Gutierrez
219,Ruth,Mcdonald
220,Terry,Rose
221,Johnny,Wagner
222,Charles,Robinson
223,Evelyn,Mcdonald
224,Cynthia,Frazier
225,Annie,Watkins
226,Ashley,Long
227,Lois,Holmes
228,Victor,Simmons
229,Melissa,Collins
230,Ralph,Bradley
231,Albert,Crawford
232,Janice,Cruz
233,Lawrence,Perez
234,Kathy,Gray
235,Stephen,Lane
236,Brian,Gilbert
237,Bobby,Armstrong
238,Ronald,Tucker
239,Justin,Green
240,Nicole,Chavez
241,Gerald,Robertson
242,Janice,Turner
243,Gloria,Nelson
244,Andrew,Wells
245,Peter,Vasquez
246,Nancy,Bailey
247,Ronald,Hughes
248,Martha,Payne
249,Brian,Scott
250,Roy,Harris
251,Diana,Peterson
252,Edward,Reynolds
253,Rachel,Oliver
254,Henry,Hall
255,Patrick,Castillo
256,Kathryn,Owens
257,Jesse,Kim
258,Susan,Watkins
259,Peter,Reyes
260,Theresa,Price
261,Sandra,Stewart
262,Evelyn,Bell
263,Carol,Ford
264,Carlos,Wood
265,Jennifer,Wood
266,Judy,Hill
267,Robert,Woods
268,Brenda,Harper
269,Benjamin,Hughes
270,Ruth,Henderson
271,Denise,Peters
272,Sandra,Roberts
273,Amanda,Greene
274,Craig,Ruiz
275,Kelly,Hart
276,Judith,Harvey
277,Louis,Harris
278,Andrea,Duncan
279,Joyce,Dean
280,Antonio,Nichols
281,Theresa,Hart
282,Ashley,Sanders
283,Russell,Gilbert
284,Eric,Larson
285,Phyllis,Bowman
286,Jesse,Garza
287,Rebecca,Richards
288,Denise,Turner
289,Howard,Harper
290,Ruth,Reed
291,Stephen,Kelley
292,Samuel,Carr
293,Amanda,Fowler
294,Nicole,Richards
295,Christopher,Ortiz
296,Joyce,Harper
297,Earl,Fox
298,Martha,Gonzales
299,Paul,Hernandez
300,Shawn,Richards
301,Barbara,Schmidt
302,John,Rogers
303,Gloria,Arnold
304,Rose,Ryan
305,Janice,Stewart
306,Tammy,Sanders
307,Annie,Miller
308,Alice,Ortiz
309,Emily,Sims
310,Henry,Fisher
311,Catherine,Miller
312,Joan,Meyer
313,Brenda,Hayes
314,Carlos,Mcdonald
315,Ryan,Henry
316,Stephanie,Mitchell
317,Steve,Simpson
318,Margaret,Riley
319,Janice,Jones
320,Jason,Holmes
321,Louise,Warren
322,Shirley,Little
323,Antonio,Jordan
324,Lillian,Bailey
325,Joyce,Reid
326,Martha,Myers
327,Carol,Morales
328,Annie,Henry
329,Brian,Tucker
330,Janet,Schmidt
331,Frank,Bailey
332,Chris,Stewart
333,Evelyn,Bailey
334,Phyllis,Jacobs
335,Jean,Berry
336,Roy,Hernandez
337,Howard,Gardner
338,Janet,Austin
339,Jimmy,Woods
340,Jason,Turner
341,Gary,Gonzalez
342,Antonio,Fowler
343,Judy,Ellis
344,Carol,Little
345,Sara,Williams
346,Bobby,Patterson
347,Michael,Montgomery
348,Virginia,Evans
349,Debra,Castillo
350,Virginia,Gutierrez
351,Aaron,Shaw
352,Bobby,Wright
353,Albert,Grant
354,Kenneth,Cole
355,Walter,Burns
356,Terry,Rose
357,Roy,Austin
358,Bobby,Mason
359,George,White
360,Christopher,Marshall
361,George,Walker
362,Theresa,Cruz
363,Richard,Matthews
364,Sharon,Wilson
365,Richard,Alvarez
366,Ryan,Brown
367,Shawn,Foster
368,Andrew,Grant
369,Nicole,Morgan
370,Anna,Murray
371,Joyce,Willis
372,Julia,Fox
373,Russell,Ortiz
374,Jessica,Rose
375,Juan,Dunn
376,Roy,Ruiz
377,Sharon,Lewis
378,Patrick,Jones
379,Gerald,Hayes
380,Clarence,Green
381,Charles,Graham
382,David,Gibson
383,Jimmy,Jenkins
384,Earl,Anderson
385,Annie,Reynolds
386,Jeremy,Griffin
387,Mildred,Murray
388,Larry,Coleman
389,Melissa,Gordon
390,Ronald,Allen
391,Jeremy,Phillips
392,Steven,Roberts
393,Matthew,Walker
394,Mary,Moreno
395,Clarence,Hughes
396,Janice,Tucker
397,Jean,Griffin
398,Donna,Berry
399,Jonathan,Richardson
400,Janet,Ramirez
401,Douglas,Bailey
402,Jerry,Howell
403,Kathleen,Dean
404,Eugene,Ryan
405,James,Clark
406,James,Fox
407,Virginia,Martinez
408,Kathy,Fox
409,Teresa,Watson
410,Anthony,Collins
411,Ronald,Turner
412,Peter,James
413,Eric,Burns
414,Joshua,Elliott
415,Nicholas,Butler
416,Clarence,Hernandez
417,Maria,Owens
418,Doris,Bradley
419,Walter,Carter
420,Wayne,Grant
421,Dennis,Chavez
422,Jeremy,Miller
423,Arthur,Price
424,Keith,Cook
425,Ryan,Schmidt
426,Justin,Kennedy
427,Michelle,Harper
428,Judy,Meyer
429,Andrew,Ruiz
430,Tina,Mcdonald
431,Timothy,Wright
432,Mildred,Ferguson
433,Irene,Harrison
434,Mildred,Mitchell
435,Deborah,Murphy
436,Rose,King
437,Diana,Hicks
438,Richard,Nelson
439,Jimmy,Ward
440,Heather,Gonzales
441,Eugene,Brooks
442,Rose,Greene
443,Margaret,Peters
444,Bruce,Cruz
445,George,Edwards
446,Angela,Jones
447,Ernest,Cunningham
448,Shawn,Richardson
449,Ruby,Austin
450,Scott,Lawson
451,Irene,Hall
452,Cynthia,Lynch
453,Fred,Lee
454,Tina,Moreno
455,Kevin,Collins
456,Kathy,Greene
457,Lawrence,Bryant
458,Harold,Romero
459,Andrew,Cunningham
460,Margaret,Nichols
461,Helen,Gardner
462,Henry,Cox
463,Anne,Ryan
464,Phillip,Washington
465,Norma,Willis
466,Betty,Johnston
467,Kimberly,Kennedy
468,Debra,Medina
469,Virginia,Hunter
470,Ralph,Burton
471,Teresa,Carter
472,Paul,Johnson
473,Jack,Alvarez
474,Amanda,Coleman
475,Steven,Price
476,David,Hicks
477,Christina,Hanson
478,Keith,Torres
479,Anthony,Hansen
480,Nicole,Garrett
481,Charles,Gray
482,Jessica,Jenkins
483,Louise,Wells
484,Russell,Wells
485,Jimmy,Franklin
486,Ryan,Ortiz
487,Sarah,Day
488,Barbara,Thomas
489,Doris,Stanley
490,Gregory,Allen
491,Gloria,Torres
492,Carol,Arnold
493,Kathleen,Anderson
494,Jonathan,Montgomery
495,Deborah,Long
496,Tammy,King
497,Karen,Ruiz
498,Betty,Anderson
499,Aaron,Fields
500,Joan,Morales
501,Dennis,Morrison
502,Mark,Ray
503,Frances,Lynch
504,Timothy,Robinson
505,Melissa,Parker
506,Walter,Russell
507,Rachel,Fowler
508,Teresa,Peterson
509,Susan,Ruiz
510,Earl,Graham
511,Denise,Berry
512,Justin,Cole
513,William,Bowman
514,Ruth,Stone
515,Chris,Lane
516,Christopher,Gilbert
517,Steve,Simpson
518,Clarence,Grant
519,Rachel,Ramos
520,William,Wallace
521,Gloria,Ramos
522,Russell,Morris
523,Peter,Allen
524,Shawn,Harris
525,Bonnie,Patterson
526,Mark,Harrison
527,Brandon,Riley
528,Earl,Morrison
529,Wayne,Harrison
530,Kevin,Lewis
531,Joshua,Hughes
532,Jose,Andrews
533,Scott,Diaz
534,Kathryn,Gonzalez
535,Harry,Cooper
536,Charles,Clark
537,Laura,Bailey
538,Jacqueline,Little
539,Cynthia,Daniels
540,Scott,Garrett
541,Steve,Barnes
542,Annie,James
543,Alice,Franklin
544,Carl,Elliott
545,Steven,Schmidt
546,Arthur,Willis
547,Kathy,Owens
548,Jesse,Cooper
549,Steven,Simmons
550,Phyllis,Rogers
551,Andrea,Perry
552,Angela,Olson
553,Roy,Montgomery
554,Peter,Hawkins
555,Elizabeth,Hicks
556,Randy,Garcia
557,Patrick,Wood
558,Shawn,Simpson
559,Kathy,Perry
560,Ruth,Thompson
561,Helen,Murphy
562,Barbara,Oliver
563,Ruth,Moreno
564,Kimberly,Gilbert
565,Wanda,Kennedy
566,Kevin,Myers
567,Mildred,Rice
568,Matthew,Mccoy
569,Kenneth,Ellis
570,Mary,Foster
571,Kathryn,Morris
572,Rose,Cruz
573,Harry,Richardson
574,Patrick,Hunter
575,Michael,Ramos
576,Beverly,Taylor
577,Ronald,Williams
578,Brenda,Rodriguez
579,Martha,Ramirez
580,Stephen,Gilbert
581,Henry,Gibson
582,Wayne,Phillips
583,Walter,Jordan
584,Dorothy,Reynolds
585,Craig,Turner
586,Jennifer,Butler
587,Margaret,Phillips
588,Theresa,Harper
589,Howard,West
590,John,Palmer
591,Judy,Dean
592,Craig,Cruz
593,Anthony,Dean
594,Janet,Sullivan
595,Edward,Hill
596,Scott,Porter
597,Eric,Torres
598,Diane,Matthews
599,Lois,West
600,Kevin,Medina
601,Emily,Johnston
602,Joyce,Arnold
603,Joe,Armstrong
604,Anne,Rice
605,Henry,Simpson
606,Tina,Matthews
607,Gerald,Baker
608,Marie,Thomas
609,Julie,Patterson
610,Andrea,Harrison
611,Billy,Morris
612,Evelyn,Simmons
613,Marilyn,Weaver
614,Margaret,Elliott
615,Howard,Burns
616,Carol,Moore
617,Sharon,Foster
618,Anna,Bowman
619,Willie,Butler
620,Norma,Thomas
621,Jessica,Wallace
622,Jane,Powell
623,Mildred,Carr
624,Norma,Ellis
625,Louis,Lawson
626,Philip,Price
627,Jack,Rogers
628,Norma,Stephens
629,Phillip,Fisher
630,Janice,Mcdonald
631,Kathy,Stephens
632,Steven,Andrews
633,Cynthia,Alexander
634,Larry,Cruz
635,Randy,Dunn
636,Wanda,Romero
637,Michael,Montgomery
638,William,Bowman
639,Antonio,Peters
640,Fred,Fernandez
641,Helen,Harvey
642,Arthur,Burke
643,Emily,Moore
644,Nicholas,Medina
645,Virginia,Dunn
646,Thomas,Sims
647,Daniel,Franklin
648,Norma,Morris
649,Bruce,Mcdonald
650,Andrea,Simpson
651,Patrick,Armstrong
652,Rose,Boyd
653,Gregory,Knight
654,Keith,Jones
655,Tina,Kelly
656,Johnny,Johnston
657,Earl,Patterson
658,Shirley,George
659,Kathleen,Grant
660,Virginia,Jones
661,Albert,Moreno
662,Jimmy,Fields
663,Randy,Morales
664,Margaret,Turner
665,Catherine,Weaver
666,Jose,Ryan
667,Sharon,Perkins
668,Diane,Kim
669,Marilyn,Garrett
670,Donald,Frazier
671,Lisa,Garcia
672,Jimmy,Kelley
673,Deborah,Marshall
674,Angela,Cunningham
675,Gerald,Gordon
676,Terry,Graham
677,Diane,Kelly
678,Ruth,Parker
679,Craig,Armstrong
680,Richard,Harrison
681,William,Ford
682,Arthur,Gutierrez
683,Douglas,Spencer
684,Ruth,Hansen
685,Joshua,Perkins
686,Arthur,Lopez
687,Lillian,Bailey
688,Marilyn,Reyes
689,Edward,Diaz
690,Maria,Hanson
691,Steven,Rodriguez
692,Betty,Barnes
693,James,Franklin
694,Andrew,Wilson
695,Cheryl,Green
696,Doris,Nichols
697,Jane,Medina
698,Shawn,Bishop
699,Roger,Thompson
700,Marie,Cooper
701,Bobby,Boyd
702,Paul,Hanson
703,Eric,Ferguson
704,Robert,Jackson
705,James,Williamson
706,Catherine,Ray
707,Jimmy,Payne
708,Timothy,Pierce
709,Ruth,Flores
710,Victor,Howard
711,Keith,Jordan
712,Susan,Montgomery
713,Carol,Stewart
714,Shawn,Williams
715,Douglas,Kim
716,Dennis,Sullivan
717,Janice,Gomez
718,Christina,Burns
719,Karen,Morris
720,Frank,Carter
721,Pamela,Carter
722,Steve,Diaz
723,Clarence,Henry
724,Donna,Washington
725,Harry,Harvey
726,Pamela,Carr
727,Russell,Reed
728,Carl,Mason
729,Rebecca,Chapman
730,Jack,Bowman
731,Henry,Graham
732,Thomas,Hanson
733,Adam,Howell
734,Rachel,Vasquez
735,Donna,George
736,Johnny,Woods
737,Todd,Stevens
738,Carlos,Wright
739,Denise,Berry
740,Albert,Stewart
741,Stephanie,Hamilton
742,Earl,Carter
743,Billy,Fernandez
744,William,Diaz
745,Walter,Harper
746,Edward,Reed
747,Ronald,Bowman
748,Mary,Lawson
749,Lawrence,King
750,Tammy,Hawkins
751,Edward,West
752,Bobby,Duncan
753,Jonathan,Watkins
754,Louis,Nelson
755,Sara,Cruz
756,Janet,Torres
757,Donald,Daniels
758,Jerry,Willis
759,Linda,Russell
760,Ronald,Martinez
761,Janet,Ortiz
762,Kelly,Hayes
763,Frances,Schmidt
764,Judith,Grant
765,Paula,Dixon
766,Carol,Hamilton
767,Jose,Morales
768,Samuel,Grant
769,Stephanie,Hunt
770,Jason,Hicks
771,Stephanie,Hicks
772,Jeremy,Hughes
773,Joe,Carroll
774,George,Brooks
775,Melissa,Watson
776,Pamela,Armstrong
777,Robin,Andrews
778,Lillian,Bishop
779,Frances,Harris
780,Fred,Romero
781,Paula,Hernandez
782,Rose,Miller
783,Emily,Howard
784,Juan,Armstrong
785,Carol,Greene
786,Bobby,Rivera
787,Harry,Murray
788,Evelyn,Larson
789,William,Gilbert
790,Gloria,Smith
791,Dorothy,Crawford
792,Wanda,Butler
793,Cheryl,Matthews
794,Kimberly,Black
795,Stephanie,Hicks
796,Nancy,Weaver
797,Eric,Howell
798,Donald,Hamilton
799,Michelle,Bennett
800,Pamela,Duncan
801,Jonathan,Baker
802,Nancy,Rice
803,Edward,Reid
804,Steven,Diaz
805,Roger,Freeman
806,Paul,Castillo
807,Paula,Cunningham
808,Christine,Ramos
809,Virginia,Morgan
810,Alice,Rodriguez
811,Joan,Hayes
812,Anna,Hunter
813,Jose,Sanders
814,Alan,Reynolds
815,Paula,Morris
816,Bonnie,Rose
817,Jean,Ross
818,Carol,Robertson
819,Jesse,Pierce
820,Terry,Boyd
821,Irene,Hudson
822,Roy,Armstrong
823,Walter,Medina
824,Paul,Vasquez
825,Lois,Harvey
826,Cheryl,Peters
827,Kenneth,Pierce
828,Juan,Henderson
829,Philip,Bowman
830,Stephanie,Garrett
831,Kathy,Jordan
832,Alan,Carroll
833,Kathy,Rodriguez
834,Jack,Porter
835,Jane,Reyes
836,Walter,Murphy
837,Edward,Stevens
838,James,Robinson
839,Clarence,Bryant
840,Stephen,Austin
841,Victor,Welch
842,Nancy,Garza
843,Debra,Chapman
844,Linda,Lewis
845,Jeremy,Griffin
846,Robin,Fields
847,Alan,Hanson
848,Aaron,Grant
849,Lawrence,Lewis
850,Lawrence,Fuller
851,Lisa,Jones
852,Louise,Day
853,Denise,Torres
854,Debra,Gardner
855,Sandra,Cooper
856,Brandon,Ellis
857,Julie,Cruz
858,Larry,Alexander
859,Brian,Larson
860,Albert,Medina
861,Joe,Mendoza
862,Willie,Ford
863,Jose,Wheeler
864,Denise,Morrison
865,Debra,Graham
866,Melissa,Turner
867,Tammy,Fisher
868,Betty,Sanchez
869,Susan,Cooper
870,Anne,Cole
871,Anne,Hill
872,Amanda,Hansen
873,Stephanie,Gomez
874,Daniel,Knight
875,Debra,Gutierrez
876,Todd,Robinson
877,Angela,Howard
878,Jacqueline,Woods
879,Harry,Simpson
880,Eugene,Patterson
881,Angela,Jacobs
882,Donna,Taylor
883,Patrick,Ross
884,Marie,Wallace
885,Sara,Riley
886,Gary,Moreno
887,Susan,Hernandez
888,Phillip,Cook
889,Janice,Parker
890,Barbara,Jacobs
891,Joe,Simpson
892,Juan,Hunter
893,Judith,Phillips
894,Kathleen,Kim
895,Adam,Crawford
896,Patrick,Rivera
897,Aaron,Stephens
898,Dorothy,Stephens
899,Rose,Olson
900,Raymond,Reynolds
901,Eugene,Kim
902,Theresa,George
903,Diane,Garcia
904,Sara,Lee
905,Theresa,Burke
906,Justin,Stevens
907,George,Watkins
908,Frank,Foster
909,Phyllis,Edwards
910,Janet,Walker
911,Jesse,Torres
912,Roy,Arnold
913,Brian,Cox
914,Louise,Gray
915,Marie,Tucker
916,Aaron,Griffin
917,Rose,Hansen
918,Annie,Cruz
919,Diane,King
920,Joe,Frazier
921,Louis,Mendoza
922,Craig,Howard
923,Diane,Ellis
924,Virginia,Crawford
925,Gerald,Collins
926,Jesse,Owens
927,Chris,Carr
928,Walter,Evans
929,Denise,Kelly
930,Pamela,Hamilton
931,Arthur,Jordan
932,Chris,Hill
933,Ernest,Ortiz
934,Beverly,Foster
935,Alice,Gonzales
936,Stephen,Baker
937,Annie,Morris
938,Jerry,Weaver
939,Ruby,Washington
940,Susan,Phillips
941,Janice,Wood
942,Victor,Morgan
943,George,Marshall
944,Rebecca,Dunn
945,Marilyn,Taylor
946,Karen,Ramirez
947,Robin,Ward
948,Samuel,Phillips
949,Christine,Bell
950,Cynthia,Crawford
951,Ralph,Stewart
952,Jacqueline,Cooper
953,Margaret,Ortiz
954,Ralph,Larson
955,Anna,Lane
956,Louis,Wagner
957,Frances,Mason
958,Todd,Hicks
959,Earl,Cox
960,Donna,Howell
961,Ralph,Duncan
962,Laura,Parker
963,Wayne,Patterson
964,Marie,Crawford
965,Doris,Lee
966,Earl,Sullivan
967,Walter,Wood
968,Brian,Hudson
969,Jose,Martin
970,Earl,Cruz
971,Mark,Hayes
972,Gregory,Bradley
973,Keith,Romero
974,Bruce,Woods
975,Philip,Peterson
976,Steve,Kennedy
977,Linda,Green
978,Timothy,Watkins
979,Ernest,Welch
980,Michelle,Nichols
981,Terry,Jenkins
982,Nicholas,Harrison
983,Maria,Welch
984,Roger,Stone
985,Sean,Jacobs
986,Dennis,Mendoza
987,Richard,Jones
988,Antonio,Little
989,Alan,Walker
990,James,Foster
991,Sandra,Simpson
992,Fred,Riley
993,Susan,Austin
994,Richard,Black
995,William,Myers
996,Adam,King
997,Steve,Burton
998,Howard,Miller
999,Susan,Brown
1000,Henry,Lawson
