no_paciente,nombre,apellido,email,Ciudad,Medicamento
1,Roy,Gomez,rgomez0@bizjournals.com,Xinji,Acetaminophen
2,Amy,Boyd,aboyd1@privacy.gov.au,Insrom,Acetylcysteine
3,Emily,Tucker,etucker2@tumblr.com,Emiliano Zapata,Oxygen
4,Alice,Hill,ahill3@naver.com,Ngromo,"Chromium GTF, Hypothalamus, HCG, Garcinia cambogia,"
5,Chris,Crawford,ccrawford4@microsoft.com,Calangain,gentamicin sulfate
6,Lawrence,Stanley,lstanley5@tamu.edu,Aix-les-Bains,Crab
7,Anne,Wood,awood6@storify.com,Ciburial,carvedilol phosphate
8,Richard,Romero,rromero7@wunderground.com,Paris 17,"Titanium Dioxide, Zinc Oxide"
9,Kelly,Johnston,kjohnston8@globo.com,Xiangshui,"Acetaminophen, Chlorpheniramine maleate, Dextromethorphan"
10,Russell,Reid,rreid9@weebly.com,Pashiya,Methylphenidate Hydrochloride
11,Angela,Fowler,afowlera@earthlink.net,Montes,Simvastatin
12,Fred,Gordon,fgordonb@npr.org,Bigaa,ligustrum vulgare pollen
13,Andrew,Torres,atorresc@vistaprint.com,Ubajami,chlorhexidine gluconate and isopropyl alcohol
14,Ann,Green,agreend@google.pl,Yunzhong,Enoxaparin Sodium
15,Billy,Vasquez,bvasqueze@msu.edu,Qiaotou,Ondansetron Hydrochloride
16,Walter,Ford,wfordf@timesonline.co.uk,Gweedore,Losartan Potassium and Hydrochlorothiazide
17,Steven,Diaz,sdiazg@is.gd,Lâm Thao,Tizanidine
18,Stephanie,Brooks,sbrooksh@mozilla.org,Huanggang,"Arnica Montana, Urtica Urens, Silicon Dioxide, and Thuja Occidentalis Root"
19,Shirley,Ryan,sryani@pen.io,Xiluo,Wheat Smut
20,Frances,Gordon,fgordonj@github.com,Itaúna,Lovastatin
21,Fred,Hill,fhillk@hostgator.com,Dýšina,Cotton
22,Heather,Powell,hpowelll@indiegogo.com,Podivín,"Benzocaine,Alcohol"
23,Kelly,Richards,krichardsm@un.org,Willemstad,desvenlafaxine succinate
24,Martin,Stone,mstonen@redcross.org,Kréstena,Promethazine Hydrochloride
25,Dennis,Cox,dcoxo@stanford.edu,Hanfeng,SALSALATE
26,Gerald,Green,ggreenp@live.com,Hamm,Geotrichum candidum
27,Stephanie,Olson,solsonq@is.gd,Krasnokamsk,Simvastatin
28,Karen,Woods,kwoodsr@amazon.com,Kali,Menthol
29,Christina,Ray,crays@wix.com,Pallisa,P32 Sodium Phosphate
30,Anna,Perkins,aperkinst@mapy.cz,Okpo,"apium graveolens, nux vomica"
31,Evelyn,Foster,efosteru@tamu.edu,Changpo,Chlordiazepoxide Hydrochloride
32,Kathryn,Torres,ktorresv@geocities.jp,Xiaoduchuan,Ibuprofen
33,Irene,Gilbert,igilbertw@yandex.ru,Candi Prambanan,Sodium fluoride
34,Stephanie,Perkins,sperkinsx@hexun.com,Romba,Warfarin Sodium
35,Rebecca,Dixon,rdixony@scientificamerican.com,Rungis,Acetaminophen
36,Jessica,Bradley,jbradleyz@abc.net.au,Thessalon,Promethazine Hydrochloride
37,Marilyn,Webb,mwebb10@nba.com,Pasirpanjang,Calcium Acetate
38,Richard,Adams,radams11@mozilla.com,Ziftá,CYCLOBENZAPRINE HYDROCHLORIDE
39,Melissa,Gomez,mgomez12@kickstarter.com,Daytona Beach,"Avobenzone, Homosalate, Octisalate, Octocrylene, and Oxybenzone"
40,Cynthia,Walker,cwalker13@nbcnews.com,Zaoxi,Salicylic Acid
41,Emily,Castillo,ecastillo14@bing.com,Sedinginan,Cocklebur Xanthium strumarium
42,Kimberly,Hunt,khunt15@tmall.com,Santa Cruz das Palmeiras,Avobenzone and Octinoxate
43,Paul,Morgan,pmorgan16@mtv.com,Timashëvsk,Isosorbide Dinitrate
44,Kimberly,Ruiz,kruiz17@hexun.com,Santo Niño,Quetiapine fumarate
45,Debra,Rivera,drivera18@intel.com,Akouda,Aspirin
46,Christina,Bowman,cbowman19@liveinternet.ru,Lamu,"OCTINOXATE, OXYBENZONE, OCTISALATE, and AVOBENZONE"
47,Frances,Long,flong1a@technorati.com,Rio Grande,AVOBENZONE HOMOSALATE OCTISALATE OCTOCRYLENE OXYBENZONE
48,Joseph,Rogers,jrogers1b@altervista.org,Airmadidi,"Arnica 30c, Borax 30c Calc Carb 30c, Calendula 30c, Castor Eq 30c, Chamomilla 30c, Croton Tig 30c, Hamamelis 30c, Helonias 30c, Ignatia 30c, Merc Cor 30c, Nux Vomica 30c, Phytolacca 30c, Pulsatilla 30c, Ratanhia 30c, Silicea 30c, Sulphur 30c"
49,Marilyn,Perkins,mperkins1c@miitbeian.gov.cn,Tata,OCTINOXATE and TITANIUM DIOXIDE
50,Anne,Wheeler,awheeler1d@dagondesign.com,Chlói,Triamcinolone Acetonide
51,Janet,Lee,jlee1e@npr.org,Áyios Nikólaos,Diphenhydramine Hydrochloride
52,Rose,West,rwest1f@xinhuanet.com,Placetas,cetylpyridinium chloride
53,Louis,Ortiz,lortiz1g@reuters.com,Hŭkkyo-ri,"Acetaminophen, Dextromethorphan Hydrobromide, Phenylephrine Hydrochloride"
54,Nicholas,Ramirez,nramirez1h@tripod.com,Bāniyās,Cortisone Acetate
55,Jason,Lynch,jlynch1i@macromedia.com,Xanxerê,"Magnesium Hydroxide, Aluminum Hydroxide, Simethicone"
56,Karen,Barnes,kbarnes1j@shutterfly.com,Visby,Captopril
57,Angela,Fisher,afisher1k@sina.com.cn,Anka,Cefazolin sodium
58,Anthony,Crawford,acrawford1l@wikipedia.org,Vale de Figueira,"Antimonum crudum, Apis mellifica, Cuprum metallicum, Euphorbia lathyris, Rhus toxicodendron"
59,Ernest,Johnson,ejohnson1m@addthis.com,Oujiangcha,"Vitamin C (Ascorbic Acid), Carbonyl Iron, Folic Acid, Vitamin B-12 (Cyanocobalamin)"
60,Diane,Morris,dmorris1n@hc360.com,Palaiseau,Alprazolam
61,Sandra,Payne,spayne1o@vk.com,Checca,Carisoprodol
62,Johnny,Tucker,jtucker1p@google.com.au,Caimitillo,Aluminum zirconium tetrachlorohydrex gly
63,Louis,Hawkins,lhawkins1q@gmpg.org,Jieshipu,ranitidine hydrochloride
64,Richard,Austin,raustin1r@omniture.com,Caçador,"Acetaminophen, Dextromethorphan Hydrobromide, Doxylamine Succinate"
65,Judith,Coleman,jcoleman1s@arizona.edu,Pallasovka,Atenolol
66,Donald,Crawford,dcrawford1t@indiegogo.com,Itinga,Cetirizine Hydrochloride
67,Joyce,Gray,jgray1u@epa.gov,Altuf’yevskiy,Fentanyl
68,Susan,Lawson,slawson1v@engadget.com,Hairag,"OCTINOXATE, OXYBENZONE, PADIMATE O"
69,Anthony,Bryant,abryant1w@mac.com,Buena Vista,"Titanium Dioxide, OCTINOXATE, Zinc Oxide"
70,Anna,Richards,arichards1x@imgur.com,Rimpeso,TRICLOSAN
71,Judith,George,jgeorge1y@jalbum.net,São Vicente,ISOSORBIDE DINITRATE
72,James,Parker,jparker1z@clickbank.net,Gilin,"Acetaminophen, Dextromethorphan HBr, Doxylamine succinate"
73,Alan,Brooks,abrooks20@sohu.com,Pak Thong Chai,Cotton Seed
74,Diane,Chapman,dchapman21@boston.com,Grand Rapids,cefixime
75,Sandra,Edwards,sedwards22@huffingtonpost.com,Curug,acamprosate calcium
76,Lois,Chavez,lchavez23@example.com,Masis,Gabapentin
77,Timothy,Hansen,thansen24@vkontakte.ru,Vichuga,ropinirole
78,Michael,Schmidt,mschmidt25@cpanel.net,Velká Polom,Amlodipine Besylate and Benazepril Hydrochloride
79,Daniel,Flores,dflores26@dagondesign.com,Las Flores,ALUMINUM CHLOROHYDRATE
80,Susan,Day,sday27@rediff.com,Bol’shaya Setun’,Ibuprofen
81,Ruby,Castillo,rcastillo28@google.com.br,Tuguanpu,Lisinopril and Hydrochlorothiazide
82,Ronald,Gordon,rgordon29@bloomberg.com,Awat,Ramipril
83,Mark,Webb,mwebb2a@kickstarter.com,Sukpak,Spironolactone and Hydrochlorothiazide
84,Anna,James,ajames2b@cdbaby.com,Boé,Cetirizine Hydrochloride
85,Timothy,Martin,tmartin2c@sohu.com,Paderne,Coal Tar Topical Gel
86,Joseph,Wheeler,jwheeler2d@newyorker.com,Volodarka,ALCOHOL
87,Charles,Fowler,cfowler2e@sfgate.com,Fryčovice,doxazosin mesylate
88,Lois,Hudson,lhudson2f@bbc.co.uk,Inanwatan,Lamotrigine
89,Billy,Fields,bfields2g@slate.com,La Reforma,MENTHOL
90,Angela,Richards,arichards2h@springer.com,Bayambang,Benzoyl Peroxide
91,Beverly,Patterson,bpatterson2i@bluehost.com,Tianjiaba,Tretinoin
92,Nancy,Bowman,nbowman2j@reddit.com,Tsirang,citalopram hydrobromide
93,George,Gardner,ggardner2k@tuttocitta.it,Huaquirca,diphenhydramine hydrochloride
94,Adam,Bradley,abradley2l@woothemes.com,Hua Sai,Standardized Mite Dermatophagoides pteronyssinus
95,Irene,Scott,iscott2m@mozilla.org,Cermee,"Acetaminophen, Diphenhydramine Hydrochloride, and Phenylephrine Hydrochloride"
96,Jack,Cruz,jcruz2n@instagram.com,Xiguantun Muguzu Manzuxiang,"TITANIUM DIOXIDE, OCTINOXATE, ZINC OXIDE"
97,Matthew,Simmons,msimmons2o@seesaa.net,Shichuan,pantoprazole sodium
98,Pamela,Flores,pflores2p@sciencedirect.com,Khrenovoye,Helium
99,Eugene,Smith,esmith2q@kickstarter.com,Siuna,Sodium Monofluorophosphate
100,Clarence,Lee,clee2r@constantcontact.com,Ārifwāla,Miconazole nitrate
101,Brian,Gutierrez,bgutierrez2s@wired.com,Chowṉêy,Hydroquinone
102,Steve,Lynch,slynch2t@wufoo.com,Daeosin Satu,Titanium Dioxide and Zinc Oxide
103,Willie,Flores,wflores2u@ucoz.com,Periyiáli,ERYTHROMYCIN STEARATE
104,Daniel,Kim,dkim2v@seattletimes.com,Lidzbark,Naproxen Sodium
105,Kathleen,Kim,kkim2w@wp.com,Bagarmossen,Aluminum Chlorohydrate
106,Scott,Nguyen,snguyen2x@jimdo.com,Souto da Casa,OCTINOXATE and TITANIUM DIOXIDE
107,Ann,Taylor,ataylor2y@apache.org,Mukdahan,"OCTINOXATE, TITANIUM DIOXIDE, and ZINC OXIDE"
108,Kelly,Stanley,kstanley2z@usgs.gov,Domont,Glyburide and Metformin
109,Timothy,Allen,tallen30@soundcloud.com,Shunyi,Alcohol
110,Chris,Spencer,cspencer31@photobucket.com,Köping,DIPHENHYDRAMINE HYDROCHLORIDE
111,Wanda,Howell,whowell32@a8.net,Vale,"Chlorpheniramine Maleate, Acetaminophen"
112,Jack,Stewart,jstewart33@icio.us,Marinha,PLUMBUM METALLICUM
113,Rebecca,Howard,rhoward34@meetup.com,Awarawar,CEFTRIAXONE
114,Shawn,West,swest35@eventbrite.com,Zhongling,Oxymorphone Hydrochloride
115,Michelle,Ferguson,mferguson36@cafepress.com,Gayle,"Acetaminophen, Dextromethorphan Hydrobromide, Phenylephrine Hydrochloride"
116,Pamela,Shaw,pshaw37@bandcamp.com,Serra da Silveira,spironolactone
117,Sarah,Crawford,scrawford38@apple.com,Grabovci,Trichoderma harzianam
118,Sarah,Dixon,sdixon39@about.me,Hellevoetsluis,AMITRIPTYLINE HYDROCHLORIDE
119,Jane,Warren,jwarren3a@youtu.be,Thap Than,Sulfamethoxazole and Trimethoprim
120,Janet,Webb,jwebb3b@nsw.gov.au,Flandes,Naproxen sodium
121,Paula,Jones,pjones3c@domainmarket.com,Taradale,Risperidone
122,Paul,Chavez,pchavez3d@statcounter.com,Muyi,Thyme
123,Ernest,Burton,eburton3e@indiegogo.com,Linjiang,Divalproex Sodium
124,Cheryl,Richardson,crichardson3f@msn.com,Tembilahan,"Avobenzone, Octisalate, Zinc Oxide, Octinoxate, and Oxybenzone"
125,Denise,Ramos,dramos3g@senate.gov,Manzini,cetylpyridinium chloride
126,Nicole,Garrett,ngarrett3h@unesco.org,Anticala,Guaifenesin
127,Ryan,Snyder,rsnyder3i@webs.com,Nanortalik,ROPIVACAINE HYDROCHLORIDE
128,Christopher,Washington,cwashington3j@rambler.ru,Sumurgeneng,SALICYLIC ACID
129,Ruth,Kelley,rkelley3k@netvibes.com,Adelaide Mail Centre,Torsemide
130,Susan,Morris,smorris3l@nih.gov,Montpellier,Prednisone
131,Doris,Riley,driley3m@samsung.com,Istres,diphenhydramine hydrochloride
132,Johnny,Rodriguez,jrodriguez3n@fastcompany.com,Ghazni,Metoprolol Succinate
133,Arthur,Lawrence,alawrence3o@senate.gov,São Domingos,Fentanyl Citrate
134,Willie,Evans,wevans3p@hexun.com,Czarków,Serotonin
135,Anna,Schmidt,aschmidt3q@netscape.com,Desa Gegempalan,Urea
136,Rebecca,Evans,revans3r@google.co.uk,Umm Ruwaba,Titanium dioxide
137,Scott,Watson,swatson3s@google.de,Contraalmirante Cordero,POVIDONE-IODINE
138,Annie,Berry,aberry3t@hugedomains.com,Quthing,Fentanyl Citrate
139,Angela,Green,agreen3u@posterous.com,Rogóźno,Trazodone Hydrochloride
140,Katherine,Rodriguez,krodriguez3v@va.gov,Yubilyeyny,Tinidazole
141,Brian,Carter,bcarter3w@ed.gov,Terara,"Brompheniramine maleate, Dextromethorphan HBr, Phenylephrine HCl"
142,Sara,George,sgeorge3x@usda.gov,Ouanaminthe,Famciclovir
143,Cynthia,Cunningham,ccunningham3y@sourceforge.net,Ōzu,Archangelica Eucalyptus
144,Carol,Mccoy,cmccoy3z@g.co,Xinwan,lisinopril
145,Clarence,Henry,chenry40@reddit.com,Fucheng,TRICLOCARBAN
146,Rose,Garrett,rgarrett41@prweb.com,Gudang,KETOROLAC TROMETHAMINE
147,Nicholas,Elliott,nelliott42@scientificamerican.com,Mamboma,Carvedilol
148,Antonio,Willis,awillis43@plala.or.jp,Sumber,carmustine
149,Edward,Howell,ehowell44@imdb.com,San Marcos,"ASPIRIN, CHLORPHENIRAMINE MALEATE, and PHENYLEPHRINE BITARTRATE"
150,Daniel,Mendoza,dmendoza45@multiply.com,Nanyang,dalteparin sodium
151,Janice,Banks,jbanks46@nps.gov,Erie,Carbamazepine
152,Marilyn,Rose,mrose47@usatoday.com,Colonia Neuland,"acetaminophen, dextromethorphan hydrobromide and doxylamine succinate"
153,Mark,Owens,mowens48@istockphoto.com,Devon,Nicotine Polacrilex
154,Emily,Stanley,estanley49@dedecms.com,Athabasca,Ibuprofen
155,Wanda,Oliver,woliver4a@php.net,San Juan Ermita,OCTINOXATE and TITANIUM DIOXIDE
156,Joe,Boyd,jboyd4b@vkontakte.ru,Tudela,Annual Blue Grass
157,Evelyn,Sanchez,esanchez4c@army.mil,Kybartai,Chloroquine Phosphate
158,Carlos,Foster,cfoster4d@addtoany.com,Santander,nicotine
159,Sharon,Gonzalez,sgonzalez4e@earthlink.net,Qiman,Ampicillin Sodium
160,Tammy,Burns,tburns4f@comsenz.com,Mirosławiec,venlafaxine hydrochloride
161,George,Henry,ghenry4g@pinterest.com,Derzhavīnsk,Epinephrine
162,Charles,Spencer,cspencer4h@multiply.com,Verkhniy Lomov,darunavir
163,Gloria,Jenkins,gjenkins4i@over-blog.com,Paris 15,Torsemide
164,Philip,Fowler,pfowler4j@w3.org,Simpang,propoxyphene napsylate and acetaminophen
165,Eugene,Wright,ewright4k@toplist.cz,Ciranca Satu,Propranolol
166,Howard,Tucker,htucker4l@netlog.com,Zhusha,"DIPHENHYDRAMINE HYDROCHLORIDE, PHENYLEPHRINE HYDROCHLORIDE"
167,Steve,Warren,swarren4m@tinyurl.com,Sapadun,Ciprofloxacin
168,Jessica,Kelly,jkelly4n@illinois.edu,Zhujiachang,Radish
169,Cheryl,Ramirez,cramirez4o@tuttocitta.it,Cikaso,Mesalamine
170,Jane,Cunningham,jcunningham4p@privacy.gov.au,Montasik,Phenobarbital
171,Louise,Cox,lcox4q@fda.gov,Baliuag,Quercus Essence
172,Keith,Burke,kburke4r@reverbnation.com,Bắc Ninh,Treatment Set TS340796
173,Stephen,Marshall,smarshall4s@independent.co.uk,Pewel Wielka,Olanzapine
174,Karen,Romero,kromero4t@sbwire.com,Sokarame,Cetirizine HCl and Pseudoephedrine HCl
175,Pamela,Lopez,plopez4u@oracle.com,Shangyang,Methyl Salicylate
176,Juan,Reid,jreid4v@booking.com,Hongdu,Menthol
177,Louis,Wood,lwood4w@marketwatch.com,Novocherkassk,"Aconitum napellus,"
178,Phillip,Brown,pbrown4x@cisco.com,Zhanghekou,Meclizine HCl
179,Marilyn,Kelley,mkelley4y@bandcamp.com,Grybów,Levofloxacin
180,Gary,Lee,glee4z@samsung.com,Providence,budesonide
181,Tina,Lopez,tlopez50@blinklist.com,Cherkasskoye,Hydrochlorothiazide
182,Brenda,Day,bday51@youtube.com,Pondohan,Pseudoephedrine Hydrochloride
183,Anthony,Johnson,ajohnson52@usnews.com,Brasília,Bismuth subsalicylate
184,Timothy,Meyer,tmeyer53@npr.org,Primero de Mayo,TRICLOSAN
185,Joe,Coleman,jcoleman54@creativecommons.org,Kuncen,Anticoagulant Citrate Phosphate Dextrose Adenine
186,Heather,Sanders,hsanders55@twitter.com,London,levonorgestrel / ethinyl estradiol
187,Charles,Carroll,ccarroll56@rambler.ru,Dzerzhinsk,Carbidopa and Levodopa
188,Catherine,Barnes,cbarnes57@histats.com,Katori-shi,OCTINOXATE
189,Eugene,Stevens,estevens58@wisc.edu,Oemollo,Hydroquinone
190,Bruce,Graham,bgraham59@istockphoto.com,Nasilava,Bupropion Hydrochloride
191,Marie,Lopez,mlopez5a@vinaora.com,Duowa,Lamotrigine
192,Tina,Coleman,tcoleman5b@freewebs.com,Curití,HydrALAZINE Hydrochloride
193,Marilyn,Jenkins,mjenkins5c@dion.ne.jp,Seongnam-si,RANITIDINE HYDROCHLORIDE
194,Paul,Harper,pharper5d@1688.com,Jivia,Lidocaine
195,Matthew,Rodriguez,mrodriguez5e@dailymotion.com,Tlogosari,"OCTINOXATE, OCTISALATE, OCTOCRYLENE, and ZINC OXIDE"
196,Catherine,Hayes,chayes5f@hubpages.com,Nianpan,PYRITHIONE ZINC
197,Joseph,Brooks,jbrooks5g@rakuten.co.jp,Mölnlycke,"POTASSIUM NITRATE, SODIUM FLUORIDE"
198,Roy,Clark,rclark5h@tuttocitta.it,Odoyev,"Acetaminophen, Dextromethorphan HBr and Phenylephrine HCL"
199,Harry,Gutierrez,hgutierrez5i@toplist.cz,Richibucto,Naproxen sodium
200,Gregory,Lee,glee5j@sbwire.com,Marfino,"OCTINOXATE, OXYBENZONE, TITANIUM DIOXIDE"
201,Kelly,Ortiz,kortiz5k@microsoft.com,Velké Bílovice,AMMONIA N-13
202,Ralph,Miller,rmiller5l@infoseek.co.jp,Cahors,Glipizide and Metformin Hydrochloride
203,Shawn,Garza,sgarza5m@github.com,Obonoma,Gabapentin
204,Shawn,Andrews,sandrews5n@nature.com,Banqiao,Adalimumab
205,Jeremy,Hansen,jhansen5o@example.com,Shiḩan as Suflá,Letrozole
206,Anne,Gordon,agordon5p@nsw.gov.au,Heshan,HALOPERIDOL LACTATE
207,Russell,Stephens,rstephens5q@smugmug.com,Alamar,rimexolone
208,Christina,Harris,charris5r@yahoo.com,Sława,Pike
209,Todd,James,tjames5s@opensource.org,San Angelo,Methocarbamol
210,Richard,Burke,rburke5t@jugem.jp,Paragominas,sumatriptan
211,Albert,Kelly,akelly5u@nature.com,San Diego,ONDANSETRON
212,Brandon,Patterson,bpatterson5v@senate.gov,Qianhong,Amoxicillin and Clavulanate Potassium
213,Louise,Johnston,ljohnston5w@usa.gov,Nîmes,Alcohol
214,Chris,George,cgeorge5x@google.de,Mitzpe Ramon,Alprazolam
215,Thomas,Elliott,telliott5y@altervista.org,Houbai,HYDROCODONE BITARTRATE AND ACETAMINOPHEN
216,Donald,Hunt,dhunt5z@shutterfly.com,Abéché,Phenylephrine HCl
217,Shirley,Martinez,smartinez60@si.edu,Staraya Russa,Levetiracetam
218,Daniel,Lawson,dlawson61@privacy.gov.au,Bunda,"Acetaminophen, Diphenhydramine HCl"
219,Mary,Cruz,mcruz62@macromedia.com,Phra Nakhon Si Ayutthaya,"Benzocaine, Benzalkonium Chloride"
220,Carl,Martinez,cmartinez63@usa.gov,General La Madrid,atovaquone and proguanil hydrochloride
221,Julia,Peters,jpeters64@reference.com,Śmiłowo,ADENOSINE
222,Susan,Scott,sscott65@fema.gov,Karangsumber,fibrinogen human and thrombin human
223,Russell,Riley,rriley66@spiegel.de,Tierra y Libertad,Titanium Dioxide and Octinoxate
224,Thomas,Ellis,tellis67@springer.com,Bordeaux,Venlafaxine Hydrochloride
225,Bobby,Lawrence,blawrence68@godaddy.com,Denver,Sodium Fluoride
226,Nicole,Richards,nrichards69@economist.com,Efkarpía,"Octinoxate, Octocrylene, Titanium Dioxide, Zinc Oxide"
227,Jacqueline,Daniels,jdaniels6a@printfriendly.com,Štítina,Cetylpyridinium Chloride
228,Lori,Torres,ltorres6b@wp.com,Shiyun,Benzalkonium Chloride
229,Melissa,Black,mblack6c@bbb.org,Zhongying,Ranitidine
230,Rebecca,Bradley,rbradley6d@cloudflare.com,Šventoji,"OCTINOXATE, OXYBENZONE"
231,Christopher,Riley,criley6e@tiny.cc,Thaba Nchu,Warfarin
232,Debra,Clark,dclark6f@miitbeian.gov.cn,Guadalupe,ALTERNARIA TENUIS
233,Debra,Kennedy,dkennedy6g@i2i.jp,Quzi,CEFTRIAXONE SODIUM
234,Brandon,Gray,bgray6h@opensource.org,Sanchahe,"octinoxate, titanium dioxide, octocrylene"
235,Ralph,Kelley,rkelley6i@aol.com,Harrison,Ibuprofen
236,Mildred,Stewart,mstewart6j@discovery.com,Afaahiti,albuterol sulfate
237,Martin,Hill,mhill6k@pagesperso-orange.fr,Sukamenak,"Pollens - Weeds, Dock/Sorrel Mix"
238,Janice,Ortiz,jortiz6l@g.co,Dalong,TAMSULOSIN HYDROCHLORIDE
239,Joyce,Armstrong,jarmstrong6m@uol.com.br,Ketanen,Benztropine Mesylate
240,Amy,Mcdonald,amcdonald6n@imdb.com,Armopa,calcium carbonate
241,Larry,Hunt,lhunt6o@mapquest.com,Finote Selam,"OCTINOXATE, TITANIUM DIOXIDE, and ZINC OXIDE"
242,Craig,James,cjames6p@statcounter.com,Faaone,Parsley
243,Amanda,Burton,aburton6q@cloudflare.com,Kamenjane,WITCH HAZEL
244,Victor,Pierce,vpierce6r@ihg.com,Linshe,"OCTINOXATE, TITANIUM DIOXIDE"
245,Shawn,Gray,sgray6s@freewebs.com,Kulonkali,Bethanechol Chloride
246,Christine,Gonzalez,cgonzalez6t@howstuffworks.com,Glubokiy,Loratadine
247,Christina,Brooks,cbrooks6u@mozilla.org,Aime,Carbinoxamine Maleate
248,Patrick,Carr,pcarr6v@nsw.gov.au,Kaiyuan,"Homosalate, Octinoxate, Octisalate, Oxybenzone"
249,Cynthia,Robertson,crobertson6w@last.fm,São Caetano do Sul,Benzocaine and Resorcinol
250,Carl,Romero,cromero6x@csmonitor.com,Al Qārah,alcohol and benzocaine
251,Rebecca,Webb,rwebb6y@networkadvertising.org,Louiseville,"Avobenzone, Homosalate, Octisalate, and Octocrylene"
252,Rebecca,Gonzales,rgonzales6z@elegantthemes.com,Borek Wielkopolski,Metronidazole
253,Julia,Gray,jgray70@wsj.com,San Fernando,Labetalol hydrochloride
254,Virginia,Grant,vgrant71@examiner.com,Gorjani,omeprazole magnesium
255,Emily,Young,eyoung72@google.nl,Daidaon,Hydroxyzine Hydrochloride
256,Matthew,Hart,mhart73@wordpress.com,Kuwait City,Goat Epithelium
257,Ryan,Little,rlittle74@wikipedia.org,Hasan,isopropyl alcohol
258,Alice,Vasquez,avasquez75@trellian.com,Likhobory,FLUPHENAZINE HYDROCHLORIDE
259,Phillip,Carroll,pcarroll76@moonfruit.com,Haokou,Anastrozole
260,Katherine,Mcdonald,kmcdonald77@microsoft.com,Jasieniec,Benzonatate
261,Pamela,Miller,pmiller78@usa.gov,Suzhou,EUPATORIUM PERFOLIATUM FLOWERING TOP
262,Sandra,Payne,spayne79@tuttocitta.it,Moret-sur-Loing,bacillus cereus
263,Judy,Chavez,jchavez7a@w3.org,Lysyanka,purified water
264,Cheryl,Schmidt,cschmidt7b@slate.com,Sędziejowice,CP2D/AS-3 Anticoagulant and Additive System
265,Richard,Burns,rburns7c@scribd.com,Toupopu,Pramoxine Hydrochloride
266,Diane,Fuller,dfuller7d@paginegialle.it,Amieiro,Rose Bengal
267,Ernest,Evans,eevans7e@huffingtonpost.com,Padas,"OCTINOXATE, OCTISALATE, TITANIUM DIOXIDE"
268,Larry,Foster,lfoster7f@yellowpages.com,Rukungiri,"Acetaminophen, Caffeine, and Pyrilamine Maleate"
269,Wayne,Washington,wwashington7g@mediafire.com,Dongshe,Octinoxate Titanium Dioxide
270,Betty,Andrews,bandrews7h@nyu.edu,Kampunglistrik,ZINC OXIDE
271,Roger,Sanders,rsanders7i@cnet.com,Yuelai,Estradiol
272,Ann,Grant,agrant7j@storify.com,Cincinnati,scopolamine
273,Arthur,Greene,agreene7k@trellian.com,Empangeni,Phenytoin Sodium
274,Ronald,Gordon,rgordon7l@mac.com,Sigay,methimazole
275,Ruth,Grant,rgrant7m@noaa.gov,Pamyat’ Parizhskoy Kommuny,Calcium carbonate
276,Douglas,Torres,dtorres7n@over-blog.com,Ngrejo,adenosine
277,Louise,Mitchell,lmitchell7o@typepad.com,Caramay,fibrinogen human and thrombin human
278,Judy,Marshall,jmarshall7p@yolasite.com,Liwale,Bupropion Hydrochloride
279,Albert,Willis,awillis7q@surveymonkey.com,Xinglong,panthenol
280,Jane,Davis,jdavis7r@creativecommons.org,Chenôve,Hydrocodone Bitartrate and Acetaminophen
281,Brenda,Taylor,btaylor7s@symantec.com,Mauponggo,Levetiracetam
282,Mildred,Richardson,mrichardson7t@theglobeandmail.com,Vis,"Eucalyptol, Menthol, Methyl Salicylate, and Thymol"
283,Alice,Spencer,aspencer7u@printfriendly.com,Belgrade,Levothyroxine Sodium
284,Theresa,Lawson,tlawson7v@theguardian.com,Andekantor,zolpidem tartrate
285,Fred,Bradley,fbradley7w@webeden.co.uk,Shengao,Acetaminophen
286,Justin,Ellis,jellis7x@amazon.com,Ambato,"aluminum hydroxide, magnesium hydroxide, dimethicone"
287,Shawn,Webb,swebb7y@hugedomains.com,Huanipaca,GELSEMIUM SEMPERVIRENS ROOT
288,Judy,Hayes,jhayes7z@hc360.com,Olsztynek,propranolol hydrochloride
289,Willie,Olson,wolson80@cbsnews.com,Candelária,Petrolatum
290,Steve,Jackson,sjackson81@dropbox.com,Eydhafushi,oxybutynin chloride
291,Julie,Powell,jpowell82@arizona.edu,Kyprínos,sumatriptan succinate
292,Bonnie,Henry,bhenry83@a8.net,Gumalang,Onopordon comp.
293,Carolyn,Hanson,chanson84@chron.com,San Fernando de Atabapo,furosemide
294,Richard,Hughes,rhughes85@google.com.au,Cibodas,"MENTHOL, METHYL SALICYLATE"
295,Harold,Diaz,hdiaz86@reuters.com,Bojano,tizanidine hydrochloride
296,Marie,Moore,mmoore87@uiuc.edu,North Little Rock,HYDROGEN PEROXIDE
297,Virginia,Little,vlittle88@newsvine.com,Caldas Novas,Octinoxate Oxybenzone
298,Raymond,Richards,rrichards89@github.com,Khotsimsk,Calcium Acetate
299,Adam,Rose,arose8a@patch.com,Saseel,"OCTINOXATE, OCTOCRYLENE, and TITANIUM DIOXIDE"
300,Arthur,Wright,awright8b@auda.org.au,Pucón,"TITANIUM DIOXIDE, OCTINOXATE"
301,Eugene,Fox,efox8c@princeton.edu,Bayt ‘Īnūn,valacyclovir hydrochloride
302,Nicole,Moreno,nmoreno8d@mit.edu,Brka,Aluminum Chlorohydrate
303,Keith,Meyer,kmeyer8e@google.pl,Candon,Penicillium notatum
304,Wanda,Woods,wwoods8f@biblegateway.com,Gaozhou,Ensulizole
305,Kenneth,Wagner,kwagner8g@163.com,Caihe,CLINDAMYCIN PHOSPHATE
306,Andrew,Cunningham,acunningham8h@prweb.com,Kelapa,Warfarin Sodium
307,Robert,Phillips,rphillips8i@ted.com,Xiadong,Menthol and Pectin
308,Kimberly,Bailey,kbailey8j@army.mil,Chabu,SODIUM MONOFLUOROPHOSPHATE
309,Marie,Murray,mmurray8k@homestead.com,Hongyanxi,Aurum 20
310,Christina,James,cjames8l@unesco.org,El Triunfo,Isosorbide Dinitrate
311,Diana,Knight,dknight8m@patch.com,Mingjiu,Diphenhydramine Hydrochloride
312,Jonathan,Medina,jmedina8n@ustream.tv,Breda,morphine sulfate
313,Barbara,Meyer,bmeyer8o@cnbc.com,Tchaourou,HydrOXYzine hydrochloride
314,Dorothy,Lane,dlane8p@ucoz.ru,Pericik,"Nitrofurantoin Monohydrate and Nitrofurantoin, macrocrystalline"
315,Jeremy,Reynolds,jreynolds8q@patch.com,Nārang,Sardine
316,Julie,Cruz,jcruz8r@marketwatch.com,Stockholm,Ethyl Alcohol
317,Shawn,Jones,sjones8s@storify.com,Danzao,Sodium Chloride
318,Carol,Rivera,crivera8t@examiner.com,Youngstown,RANITIDINE
319,Lois,Reid,lreid8u@goo.gl,Oslo,Cetirizine HCl
320,Billy,Hanson,bhanson8v@fc2.com,Dobrovo,lisinopril and hydrochlorothiazide
321,Kathryn,Kelly,kkelly8w@google.co.uk,Bidyā,Alfuzosin Hydrochloride
322,Edward,Lewis,elewis8x@alexa.com,Sasayama,Aluminum Zirconium Tetrachlorohydrex Gly
323,Deborah,Fields,dfields8y@joomla.org,Miami,CEFEPIME HYDROCHLORIDE
324,Karen,Morgan,kmorgan8z@oaic.gov.au,Węgry,Dog Fennel
325,Jack,Ford,jford90@youtu.be,Juan Adrián,methylphenidate
326,Charles,Garcia,cgarcia91@cornell.edu,Al Wāsiţah,"Anacardium occidentale, clematis erecta, Croton tiglium, Cypripedium pubescens, Echinacea purpurea, Erechtites hieracifolia, Graphites Grindelia, Histaminum hydrochloricum, Mezereum, Rhus toxicodendron, Urtica urens"
327,Patrick,Henderson,phenderson92@scribd.com,Tuzhu,Esterified Estrogens and Methyltestosterone
328,Andrew,Bishop,abishop93@twitter.com,Kamiichi,glyburide
329,Daniel,Lopez,dlopez94@netscape.com,Rushankou,Carvedilol
330,Arthur,Reynolds,areynolds95@themeforest.net,Sayansk,"avobenzone, homosalate, octisalate, and octocrylene"
331,Daniel,Wright,dwright96@sciencedaily.com,Opaka,ALCOHOL
332,Robert,Marshall,rmarshall97@ucla.edu,Laranjal Paulista,Meperidine Hydrochloride
333,Joe,Olson,jolson98@hexun.com,Victoria,Aspen
334,Sarah,Henry,shenry99@desdev.cn,Lephalale,Elm American
335,Phyllis,Hunt,phunt9a@npr.org,Stockton,"TITANIUM DIOXIDE, OCTINOXATE, ARBUTIN, ATRACTYLODES JAPONICA ROOT OIL"
336,Juan,Young,jyoung9b@go.com,Klapagada,"Betula Cortex, Caltha Palustris, Galium Aparine, Sedum Acre, Thuja Occidentalis, Urtica urens, Clematis Erecta, Hedera Helix, Juniperus Communis, Quillaja Saponaria, Sempervivum Tectorum, Echinacea,"
337,Sharon,Crawford,scrawford9c@typepad.com,Bhairab Bāzār,Naproxen
338,Aaron,Nelson,anelson9d@biblegateway.com,Pung-Pang,Povidone-Iodine
339,Karen,Freeman,kfreeman9e@zdnet.com,Shangxian,Levmetamfetamine Nasal Decongestant
340,Ashley,Bowman,abowman9f@mapy.cz,Modakeke,Ampicillin
341,Phyllis,Johnston,pjohnston9g@tmall.com,Silab,OATMEAL
342,Debra,Holmes,dholmes9h@cargocollective.com,Minle,DIPYRIDAMOLE
343,Shirley,Harper,sharper9i@walmart.com,Lusacan,cetirizine hydrochloride
344,Lori,Harper,lharper9j@reddit.com,Nepeña,Antihemophilic Factor/von Willebrand Factor Complex (Human)
345,Christopher,Smith,csmith9k@berkeley.edu,Dār an Naşr,Aluminum Sesquichlorohydrate
346,Julie,Warren,jwarren9l@liveinternet.ru,Węgierska Górka,Losartan Potassium
347,Martin,Kim,mkim9m@slideshare.net,Biasong,Triclosan
348,Peter,Garza,pgarza9n@nih.gov,Lijiapu,Mirtazapine
349,Randy,Edwards,redwards9o@ed.gov,Derviçian,Potassium Chloride
350,Mildred,Rodriguez,mrodriguez9p@xing.com,Badian,"Triamcinolone Acetonide, Lidocaine Hydrochloride, Bupivacaine Hydrochloride, Povidine Iodine"
351,Paula,Matthews,pmatthews9q@blog.com,Nova Era,dextromethorphan hbr
352,Amanda,Sims,asims9r@homestead.com,Legen,AMLODIPINE BESYLATE TABLET
353,Steven,Walker,swalker9s@goodreads.com,Ostrówek,Nicotine Polacrilex
354,Annie,Payne,apayne9t@google.cn,Qingyuan,"Avobenzone, Homosalate, Octinoxate, Octocrylene, Oxybenzone"
355,Harry,Garcia,hgarcia9u@cocolog-nifty.com,‘Aşīrah ash Shamālīyah,ZINC OXIDE OCTINOXATE
356,Rachel,Griffin,rgriffin9v@wired.com,Guanshan,Orris Root
357,Dorothy,Butler,dbutler9w@blogger.com,Dajianchang,Glycerin
358,Ashley,Harvey,aharvey9x@weebly.com,Stopnica,"Dextromethorphan Hydrobromide, Guaifenesin, Phenylephrine Hydrochloride"
359,Eric,Morris,emorris9y@disqus.com,Puerto Iguazú,DIBUCAINE
360,Barbara,Mason,bmason9z@guardian.co.uk,Kuivaniemi,"AVOBENZONE, OCTOCRYLENE, and OXYBENZONE"
361,Bruce,Sanchez,bsancheza0@google.cn,Caxarias,DOCUSATE SODIUM
362,Lori,Sanders,lsandersa1@epa.gov,Amparita,Hydroxyzine Hydrochloride
363,George,Diaz,gdiaza2@wordpress.org,Liulin,Beech
364,Kevin,Elliott,kelliotta3@phoca.cz,Nizui,"Acetaminophen, Dextromethorphan Hydrobromide, Doxylamine Succinate"
365,Stephanie,Castillo,scastilloa4@reddit.com,Huangliu,Urea
366,Robin,Kim,rkima5@ucla.edu,Nanterre,Ethyl Alcohol
367,Jacqueline,Dean,jdeana6@privacy.gov.au,Izmaylovo,Pregabalin
368,Michael,Murray,mmurraya7@omniture.com,Solidaridad,lovastatin
369,Jack,West,jwesta8@ning.com,Kristiansund N,Omeprazole
370,Earl,Kelly,ekellya9@devhub.com,Maluno Sur,"NAPROXEN,HISTIDINE"
371,Elizabeth,Gray,egrayaa@ucla.edu,Malianzhuang,Fludeoxyglucose F 18
372,Anne,Henry,ahenryab@ftc.gov,Anling,Metronidazole
373,Johnny,Spencer,jspencerac@eepurl.com,Qingxi,Amoxicillin
374,Howard,Ortiz,hortizad@g.co,Xialiao,Glycopyrrolate
375,Diane,Reid,dreidae@studiopress.com,Pingshui,Elm American
376,Billy,Sanders,bsandersaf@shop-pro.jp,Peñarrubia,Allantoin
377,Kenneth,Mendoza,kmendozaag@hexun.com,Lewin Kłodzki,"Octinoxate, Oxybenzone, and Octisalate"
378,Lillian,Clark,lclarkah@unicef.org,Hanover,BETHANECHOL CHLORIDE
379,Douglas,Bowman,dbowmanai@addtoany.com,Huanghua,Acyclovir
380,Harry,Taylor,htayloraj@arizona.edu,Thành Phố Ninh Bình,Medroxyprogesterone Acetate
381,Philip,Turner,pturnerak@twitter.com,Donghoufang,Alprazolam
382,Jonathan,White,jwhiteal@wikispaces.com,Lindavista,Oxymetazoline HCl
383,Benjamin,Kennedy,bkennedyam@seesaa.net,Ar Ruways,Dimethicone
384,Diane,Dixon,ddixonan@constantcontact.com,Sonta,"Echinacea angustifolia, Uva-ursi, Baptisia tinctoria, Convallaria majalis, Kali muriaticum, Pinus sylvestris, Thuja occidentalis, Bryonia alba,"
385,Arthur,Reyes,areyesao@rambler.ru,‘Irbīn,Levetiracetam
386,Ernest,Jones,ejonesap@cdc.gov,Shejiang,METHADONE HYDROCHLORIDE
387,Margaret,Adams,madamsaq@squidoo.com,Zwierzyń,Promethazine Hydrochloride
388,Brian,Ellis,bellisar@dion.ne.jp,Villiers,Venlafaxine
389,Michelle,Day,mdayas@illinois.edu,Dourbali,simvastatin
390,Andrew,Cox,acoxat@kickstarter.com,Vinsady,Estradiol
391,Roger,Hawkins,rhawkinsau@barnesandnoble.com,Itacoatiara,fentanyl citrate
392,Brandon,Reynolds,breynoldsav@house.gov,Liudong,"ISOLEUCINE, LEUCINE, LYSINE ACETATE, METHIONINE, PHENYLALANINE, THREONINE, TRYPTOPHAN, ALANINE, ARGININE, HISTIDINE, PROLINE, SERINE, GLYCINE, VALINE, ASPARTIC ACID, N-ACETYL-TYROSINE, GLUTAMIC ACID, MAGNESIUM CHLORIDE, SODIUM PHOSPHATE, DIBASIC, SODIUM CHLORIDE, and POTASSIUM CHLORIDE"
393,James,Turner,jturneraw@amazon.co.jp,Gwadabawa,Titanium dioxide and Zinc oxide
394,Carlos,Hughes,chughesax@who.int,Bukavu,EPINEPHRINE
395,Anthony,Riley,arileyay@chron.com,Amiens,Carvedilol
396,Virginia,Wilson,vwilsonaz@hp.com,Jinkou,Octinoxate and Titanium dioxide
397,Harold,Wilson,hwilsonb0@google.es,Kolondiéba,"Sagebrush, Mugwort Artemisia vulgaris"
398,Janice,Fox,jfoxb1@w3.org,Aţ Ţīrah,Venlafaxine Hydrochloride
399,Virginia,Jacobs,vjacobsb2@tinyurl.com,Radzanów,fomitopsis pinicola
400,Jean,Gray,jgrayb3@nps.gov,El Aguacate,Tinidazole
401,Willie,Anderson,wandersonb4@illinois.edu,Velké Opatovice,"Avobenzone, Homosalate, Octisalate, Octocrylene, and Oxybenzone"
402,Steven,Snyder,ssnyderb5@dailymail.co.uk,Vesoul,Promethazine Hydrochloride
403,Craig,Peters,cpetersb6@wordpress.org,Sangkalputung,Sodium Fluoride
404,Fred,Morrison,fmorrisonb7@weebly.com,Alfta,Hydroxychloroquine Sulfate
405,Larry,Campbell,lcampbellb8@soundcloud.com,Helsingborg,Olanzapine
406,Peter,Hernandez,phernandezb9@nydailynews.com,Nieszawa,Epinastine Hydrochloride
407,David,Green,dgreenba@ft.com,Tuanjie,leflunomide
408,Mary,Johnson,mjohnsonbb@example.com,Luoqiao,Levetiracetam
409,Marie,Powell,mpowellbc@github.io,Dashi,Titanium Dioxide
410,Victor,Foster,vfosterbd@globo.com,Kariya,Baking Soda
411,William,James,wjamesbe@boston.com,Pasirpengarayan,imipenem and cilastatin sodium
412,Gerald,Jacobs,gjacobsbf@multiply.com,Ogurugu,Titanium Dioxide and Zinc Oxide
413,Daniel,Snyder,dsnyderbg@npr.org,Liuhuang,TIN
414,Henry,Gibson,hgibsonbh@va.gov,Noen Maprang,carboxymethylcellulose sodium
415,Ashley,Allen,aallenbi@naver.com,Nyandoma,Benzalkonium Chloride
416,Phillip,Morrison,pmorrisonbj@rediff.com,Labytnangi,Finasteride
417,Linda,Lawrence,llawrencebk@ask.com,Luyang,Losartan Potassium and Hydrochlorothiazide
418,Tammy,Hart,thartbl@hubpages.com,Petung,acyclovir
419,Jerry,Gordon,jgordonbm@globo.com,Kampánis,"Causticum, Colocynthis, Cuprum metallicum, Magnesia phosphorica, Phytolacca decandra, Rhus toxicodendron, Stannum metallicum, Veratrum album,"
420,Jessica,Wheeler,jwheelerbn@ehow.com,Dnestrovsc,"acetaminophen, dextromethorphan Hbr, Phenylephrine HCl"
421,Roger,Weaver,rweaverbo@utexas.edu,Ikalamavony,Alprazolam
422,Carlos,Kelley,ckelleybp@soundcloud.com,Buyuan,ALCOHOL
423,Willie,Lopez,wlopezbq@slashdot.org,Kuala Lumpur,paroxetine hydrochloride
424,Ashley,Knight,aknightbr@51.la,Gibbons,SELENIUM SULFIDE
425,Debra,Brooks,dbrooksbs@vk.com,San Diego,dutasteride and tamsulosin hydrochloride
426,Robin,Sanders,rsandersbt@a8.net,Tengger,warfarin sodium
427,Martin,Wood,mwoodbu@miitbeian.gov.cn,Kumamoto,furosemide
428,Beverly,Gilbert,bgilbertbv@nature.com,Xiacang,Lidocaine Hydrochloride
429,Dennis,Harvey,dharveybw@unc.edu,Labrador,Isopropyl alcohol
430,Randy,Warren,rwarrenbx@virginia.edu,Hongcao,Pinus Sylvestris
431,Johnny,Garrett,jgarrettby@fastcompany.com,Zagnitkiv,"Methylprednisolone Acetate, Lidocaine Hydrochloride, Povidine Iodine, Isopropyl Alcohol"
432,Paul,Bradley,pbradleybz@aboutads.info,Balong Wetan,"Pyrogenium, Aconitum nap., Arg. nit., Arsenicum alb., Baptisia, Bryonia, Carbo veg., Chamomilla, Cinchona, Collinsonia, Colocynthis, Elaterium, Gelsemium, Ipecac., Iris versicolor, Lycopodium, Podoph. pelt., Raphanus, Tabacum, Vaccinium, Zingiber, Aesculus hipp., Juglans regia"
433,Nicole,Jordan,njordanc0@ycombinator.com,Qixing,Salicylic Acid
434,Robin,Meyer,rmeyerc1@fotki.com,Outeiro,Levothyroxine sodium
435,Jacqueline,Romero,jromeroc2@ebay.co.uk,Malhão,Albuterol Sulfate
436,Ernest,Clark,eclarkc3@sakura.ne.jp,Bailizhou,Alcohol
437,Ryan,Jackson,rjacksonc4@arizona.edu,Krajan Dua Dawuan Wetan,Octinoxate Titanium Dioxide
438,Bruce,Morris,bmorrisc5@etsy.com,Shanghu,Arnica Montana
439,Sharon,Coleman,scolemanc6@guardian.co.uk,Toulouse,"MERCURIUS CORROSIVUS,NUX VOMICA,HYOSCYAMINUM,CARCINOSINUM,GRAPHITES,ZINCUM METALLICUM,LILIUM TIGRINUM,CINCHONA OFFICINALIS,CAUSTICUM,COFFEA CRUDA,BELLADONNA,IGNATIA AMARA,SCROPHULARIA NODOSA,SPONGIA TOSTA ,CEANOTHUS AMERICANUS,SENNA,HYDRASTIS CANADENSIS,CONDURANGO,CHELIDONIUM MAJUS,PITUITARY GLAND, BOS TAURUS,PANCREAS SUIS,LYCOPODIUM CLAVATUM,BERBERIS VULGARIS,"
440,Christina,Morgan,cmorganc7@bandcamp.com,Taipingzhuang,methotrexate
441,Donna,Hansen,dhansenc8@weebly.com,Vaxholm,MENTHOL
442,Steve,Lawrence,slawrencec9@aol.com,Antipino,ALUMINUM CHLOROHYDRATE
443,Jessica,Henderson,jhendersonca@opensource.org,Arvika,dextromethorphan polistirex
444,Barbara,Carter,bcartercb@discuz.net,Kamojimachō-jōgejima,Phenylephrine HCl
445,John,Gardner,jgardnercc@psu.edu,Ujae,Cosyntropin
446,Timothy,Wheeler,twheelercd@abc.net.au,Penaraga,Octinoxate
447,Ruby,Price,rpricece@china.com.cn,Yabēlo,ACETAMINOPHEN AND DIPHENHYDRAMINE HYDROCHLORIDE
448,Charles,Phillips,cphillipscf@csmonitor.com,Psebay,Acetaminophen and Phenylephrine HCl
449,Shawn,Knight,sknightcg@cnet.com,Pakxong,Levonorgestrel and Ethinyl Estradiol
450,Ann,Henderson,ahendersonch@elegantthemes.com,Sacramento,"Capsicum annuum, Foeniculum vulgare, Symphytum officinale, Argentum nitricum, Arsenicum album, Magnesia phosphorica, Pulsatilla,"
451,Julia,Richardson,jrichardsonci@arstechnica.com,Luoping,Mountain Cedar
452,Sean,Wells,swellscj@geocities.jp,Libei,ATORVASTATIN CALCIUM
453,Cheryl,Hughes,chughesck@vistaprint.com,Dunyāpur,pomalidomide
454,Irene,Porter,iportercl@indiatimes.com,Takikawa,"Acetaminophen, Dextromethorphan Hydrobromide, and Doxylamine succinate"
455,Edward,Harper,eharpercm@newyorker.com,Chodová Planá,Dimenhydrinate
456,Jesse,King,jkingcn@meetup.com,Žleby,diltiazem hydrochloride
457,Jesse,Cooper,jcooperco@soup.io,Nangan,"BENZALKONIUM CHLORIDE, LIDOCAINE, BACITRACIN ZINC, NEOMYCIN SULFATE, POLYMYXIN B SULFATE, WATER, BENZOCAINE, ALCOHOL, IBUPROFEN, ACETAMINOPHEN, ASPIRIN"
458,Peter,Ellis,pelliscp@patch.com,Bondoukou,MEGESTROL ACETATE
459,Angela,Richards,arichardscq@dion.ne.jp,Krajan Satu,"Octinoxate, Titanium Dioxide"
460,Martin,Sanchez,msanchezcr@mapquest.com,Nueva Gerona,Levothyroxine Sodium
461,Beverly,Patterson,bpattersoncs@netlog.com,Třešť,Celecoxib
462,Terry,Ortiz,tortizct@answers.com,Chalon-sur-Saône,Quetiapine Fumarate
463,Doris,Fowler,dfowlercu@techcrunch.com,Badou,DESLORATADINE
464,Annie,Garza,agarzacv@skype.com,Manaoag,Sodium Fluoride
465,Diana,Duncan,dduncancw@artisteer.com,Volary,Ceftazidime
466,Jonathan,Castillo,jcastillocx@accuweather.com,Dolo,Amikacin Sulfate
467,Linda,Jenkins,ljenkinscy@networksolutions.com,Klimovsk,dalteparin sodium
468,Diane,Nichols,dnicholscz@seattletimes.com,Qingshan,ASPIRIN
469,Edward,Kennedy,ekennedyd0@blog.com,Mae Sot,Fluconazole
470,Johnny,Matthews,jmatthewsd1@blogspot.com,Al Mawşil al Jadīdah,"ACONITUM NAPELLUS, BRYONIA ALBA ROOT, EUPATORIUM PERFOLIATUM FLOWERING TOP, GELSEMIUM SEMPERVIRENS ROOT,IPECAC, PHOSPHORUS"
471,Ryan,Peters,rpetersd2@yellowpages.com,Naili,METRONIDAZOLE
472,Christina,Watson,cwatsond3@ox.ac.uk,Kamiennik,Minocycline Hydrochloride
473,Peter,Wallace,pwallaced4@nasa.gov,Huancheng,Bismuth Subsalicylate
474,Carl,Alvarez,calvarezd5@thetimes.co.uk,San Fabian,Acetaminophen
475,James,Lewis,jlewisd6@utexas.edu,Tangwei,Ibuprofen
476,Joe,Lawson,jlawsond7@free.fr,Little Rock,Ibuprofen
477,Lori,Reed,lreedd8@dedecms.com,Waru,Shrimp
478,Patrick,Harrison,pharrisond9@arizona.edu,Anaco,"Acetaminophen, Chlorpheniramine maleate, Phenylephrine HCl"
479,Adam,Martinez,amartinezda@ucsd.edu,El Ocotón,PYRIDOXINE HYDROCHLORIDE
480,Jason,Frazier,jfrazierdb@bing.com,Gachalá,ITRACONAZOLE
481,Douglas,Lopez,dlopezdc@wp.com,Pantin,meloxicam
482,Patrick,Lawrence,plawrencedd@ameblo.jp,Rancageneng Satu,Benzalkonium Chloride
483,Christopher,Parker,cparkerde@biglobe.ne.jp,Khokhryaki,Terazosin Hydrochloride
484,Justin,Garza,jgarzadf@telegraph.co.uk,Cipadung Timur,Salicyclic Acid
485,Laura,Romero,lromerodg@google.de,Ulricehamn,Paroxetine Hydrochloride
486,Matthew,Rivera,mriveradh@miitbeian.gov.cn,Gorobinci,OCTINOXATE and ZINC OXIDE
487,Kimberly,Davis,kdavisdi@ted.com,Kallíthiron,BUPIVACAINE HYDROCHLORIDE
488,Julia,Robertson,jrobertsondj@marketwatch.com,Reiko,amlodipine and atorvastatin
489,Jeremy,Fowler,jfowlerdk@bbc.co.uk,Jilili,Hydrochlorothiazide
490,Amy,Moore,amooredl@yandex.ru,Palmital,Sesame Seed
491,Martha,Russell,mrusselldm@fema.gov,Priiskovyy,"OCTINOXATE, TITANIUM DIOXIDE"
492,Wayne,Dixon,wdixondn@google.cn,Nowa Góra,Cyclobenzaprine Hydrochloride
493,Theresa,Berry,tberrydo@indiegogo.com,Rafaï,Levofloxacin
494,Jimmy,Martin,jmartindp@photobucket.com,Giado,Levetiracetam
495,Jerry,Morrison,jmorrisondq@cyberchimps.com,Maevatanana,"OCTINOXATE, TITANIUM DIOXIDE, OCTISALATE"
496,Lawrence,Campbell,lcampbelldr@live.com,Gierłoż,Triclosan
497,Jennifer,Payne,jpayneds@behance.net,Coronel Fabriciano,"Acetaminophen, guaifenesin, diphenhydramine HCl, phenylephrine HCl"
498,Jesse,Gutierrez,jgutierrezdt@rediff.com,Yuli,Benzocaine
499,Jose,Henderson,jhendersondu@exblog.jp,Manicahan,"Avobenzone, Octinoxate"
500,Alice,Brown,abrowndv@redcross.org,Vista Hermosa,Clonidine
501,Clarence,Graham,cgrahamdw@ow.ly,Łopuszna,Amoxicillin
502,Ronald,Smith,rsmithdx@exblog.jp,Ribeirão das Neves,Triclosan
503,Irene,Rodriguez,irodriguezdy@blinklist.com,Dalovice,Capsaicin and Menthol
504,Betty,Pierce,bpiercedz@last.fm,Ikoma,DOXERCALCIFEROL
505,Scott,Watkins,swatkinse0@lycos.com,Lijia,Loratadine
506,Brenda,Edwards,bedwardse1@flickr.com,Pineleng,Caffeine
507,Mary,Meyer,mmeyere2@i2i.jp,Shashūbay,Divalproex Sodium
508,Wayne,Simmons,wsimmonse3@g.co,Doyong,Minoxidil
509,Anthony,Garcia,agarciae4@elpais.com,Catumbela,Maximum Strength Pepto Bismol
510,Albert,Barnes,abarnese5@123-reg.co.uk,Pedamaran,Cetirizine Hydrochloride
511,Denise,Sanders,dsanderse6@alibaba.com,Carolina,Miconazole Nitrate
512,Antonio,Perkins,aperkinse7@wisc.edu,Monte de Trigo,Amoxicillin
513,Jean,Cox,jcoxe8@ted.com,Bin Yauri,ALCOHOL
514,Antonio,Brooks,abrookse9@studiopress.com,Tsaghkadzor,Hydralazine Hydrochloride
515,Kathy,Schmidt,kschmidtea@ameblo.jp,Majunying,Acetaminophen and Codeine Phosphate
516,Henry,Gardner,hgardnereb@w3.org,Chaodi,zolpidem tartrate
517,Katherine,Cruz,kcruzec@plala.or.jp,Yingzai,Risperidone
518,Sean,Sims,ssimsed@merriam-webster.com,Murowana Goślina,ETHYL ALCOHOL
519,Doris,Lopez,dlopezee@ucoz.ru,Mwense,Cedar Red
520,Terry,Fernandez,tfernandezef@fc2.com,Dikirnis,divalproex sodium
521,Rose,Mitchell,rmitchelleg@goo.gl,Chengdong,oxymetazoline hydrochloride
522,Jerry,Schmidt,jschmidteh@sfgate.com,Kněžpole,promethazine hydrochloride
523,Louise,Mendoza,lmendozaei@mac.com,Seropédica,Cetirizine HCl
524,Patricia,Fernandez,pfernandezej@biglobe.ne.jp,Shiban,"Bryonia alba, Drosera rotundifolia, Ipecacuanha"
525,Norma,Murphy,nmurphyek@ca.gov,Colcabamba,"BENZOICUM ACIDUM, BERBERIS VULG., BRYONIA, CANTHARIS, CARDUUS BENEDICTUS, CEANOTHUS, CHELIDONIUM MAJUS, CHIONANTHUS VIRGINICA, CINCHONA, DIOSCOREA, DOLICHOS, IRIS VERSICOLOR, JUNIPERUS COM., NUX VOM., PTELEA, TARAXACUM, URICUM ACIDUM, CARDUUS MAR., CYNARA SCOLYMUS, SOLIDAGO"
526,Michael,Cook,mcookel@bing.com,Desa Nasol,cephalexin
527,Ruby,Reyes,rreyesem@edublogs.org,Burunday,Levothyroxine Sodium
528,Todd,Mcdonald,tmcdonalden@dedecms.com,Dongping,"Homosalate, Octocrylene, Octisalate, Avobenzone"
529,Harry,Foster,hfostereo@angelfire.com,Inowrocław,Carbidopa and Levodopa
530,Kelly,Cruz,kcruzep@soup.io,Zhangxi,Miconazole Nitrate
531,Alice,Graham,agrahameq@cloudflare.com,Kidodi,Diphenhydramine HCl
532,Christopher,Ferguson,cfergusoner@opensource.org,Bāmyān,Pamidronate Disodium
533,Jose,Duncan,jduncanes@gizmodo.com,Pomabamba,betamethasone dipropionate
534,Anthony,Frazier,afrazieret@timesonline.co.uk,Sanjiazi,Miconazole nitrate
535,Janice,Gardner,jgardnereu@independent.co.uk,Sukorejo,Argentum Viscum
536,Ralph,Long,rlongev@upenn.edu,São João da Barra,American Beech
537,Alice,Wood,awoodew@sun.com,Massaranduba,alprazolam
538,Larry,Long,llongex@sphinn.com,Chennevières-sur-Marne,Guaifenesin
539,Donald,Garcia,dgarciaey@unicef.org,Hangji,Olanzapine
540,Shawn,Flores,sfloresez@sitemeter.com,Liaonan,"Titanium Dioxide, Zinc Oxide"
541,Walter,Bowman,wbowmanf0@bloglines.com,Buenavista,"Aesculus hippocastanum, apis mellifica, Benzoicum acidum, Causticum, Equisetum hyemale, Lycopodium clavatum, Phosphorus, Plantago major, Rhus aromatica, Sepia"
542,Stephanie,Fisher,sfisherf1@discuz.net,Belo,Iodine Bush
543,Steve,Fields,sfieldsf2@cbc.ca,Tawaran,Standardized Meadow Fescue Grass Pollen
544,Edward,Hawkins,ehawkinsf3@abc.net.au,Kłoczew,"Acetaminophen, Dextromethorphan HBr, Doxylamine succinate"
545,Jessica,Carroll,jcarrollf4@columbia.edu,Zhouwang,Olanzapine
546,Michelle,Olson,molsonf5@google.com.au,Kuanfeu,Duloxetine
547,Stephanie,Cunningham,scunninghamf6@webmd.com,Kushchëvskaya,Penicillin V Potassium
548,Craig,Evans,cevansf7@fotki.com,Talitsy,TRICLOSAN
549,Kathryn,Riley,krileyf8@illinois.edu,Ta‘izz,Mirtazapine
550,Jesse,Garrett,jgarrettf9@t-online.de,Volgorechensk,"POLYETHYLENE GLYCOL 400, PROPYLENE GLYCOL"
551,Eric,Fowler,efowlerfa@npr.org,Delgermörön,"AVOBENZONE, HOMOSALATE, OCTISALATE, OCTOCRYLENE"
552,Ronald,Burton,rburtonfb@devhub.com,Fonte Boa,Octinoxate
553,Michael,Gomez,mgomezfc@goodreads.com,Grujugan,Titanium Dioxide and Zinc Oxide
554,Roger,Davis,rdavisfd@washingtonpost.com,Santiago,Hydrogen Peroxide
555,Billy,Wood,bwoodfe@yellowbook.com,Nihaona,"Avobenzone, Homosalate, Octisalate, Octocrylene, and Oxybenzone"
556,Diane,Sullivan,dsullivanff@blogs.com,Castlebellingham,"Octinoxate, Zinc Oxide"
557,Norma,Owens,nowensfg@cbslocal.com,Karmah an Nuzul,Acetaminophen
558,Ernest,Ramos,eramosfh@hhs.gov,Périgny,GLYCERIN
559,Steve,Reyes,sreyesfi@umich.edu,Stratónion,Chlorpromazine Hydrochloride
560,Carol,Gomez,cgomezfj@bigcartel.com,Piru,clonidine hydrochloride
561,Brian,Fuller,bfullerfk@hatena.ne.jp,Gamping Lor,concetrated ibuprofen
562,Rebecca,Green,rgreenfl@comsenz.com,Kołczygłowy,Alcohol
563,Carl,Rodriguez,crodriguezfm@phpbb.com,Sơn Trà,Levothyroxine Sodium
564,Helen,Smith,hsmithfn@omniture.com,Kudara-Somon,"Acetaminophen, Dextromethorphan HBr, Doxylamine succinate"
565,Christina,Gardner,cgardnerfo@mac.com,Sobue,Donepezil Hydrochloride
566,Anthony,Perkins,aperkinsfp@ebay.co.uk,Jequié,"Apis mellifica, Borax, Carduus marianus, Echanacea, Galium aparine, Hepar suis, HGH, Mercurius corrosivus, Mercurius sulphuratus ruber, Nitricum acidum, Pituitary suis, Sulphur iodatum, Thua occidenta"
567,George,Harrison,gharrisonfq@istockphoto.com,Jaworze,Fluocinonide
568,Jerry,Ryan,jryanfr@mozilla.com,Bielefeld,Midazolam
569,Lillian,Fisher,lfisherfs@twitter.com,Tipolo,"Camphor, Menthol"
570,Phyllis,Gutierrez,pgutierrezft@wordpress.org,Zhihe,Cough suppressant topical analgesic
571,Tammy,Gray,tgrayfu@chicagotribune.com,Sa Kaeo,Citalopram Hydrobromide
572,Susan,Marshall,smarshallfv@surveymonkey.com,Przybyszówka,Dipyridamole
573,Lawrence,Campbell,lcampbellfw@sakura.ne.jp,Masindi,Norethindrone Acetate/Ethinyl Estradiol and Ferrous Fumarate
574,Michelle,Grant,mgrantfx@drupal.org,Chosica,Brome Grass
575,Kimberly,Harvey,kharveyfy@archive.org,Sunja,Mexiletine Hydrochloride
576,Irene,Larson,ilarsonfz@go.com,Sukarame,Miconazole Nitrate
577,Gregory,Martin,gmarting0@icio.us,Jinsha,"SODIUM CHLORIDE, SODIUM GLUCONATE, SODIUM ACETATE, POTASSIUM CHLORIDE, and MAGNESIUM CHLORIDE"
578,Shawn,Palmer,spalmerg1@goo.gl,Veyno,"Avobenzone, Homosalate, Octisalate, Octocrylene"
579,Lawrence,Ross,lrossg2@yellowbook.com,Teroual,Baclofen
580,Debra,Oliver,doliverg3@51.la,Baijiang,Clindamycin hydrochloride
581,Marilyn,Alvarez,malvarezg4@shutterfly.com,Knjazevac,Hepatitis B Immune Globulin (Human)
582,Shirley,Warren,swarreng5@weather.com,Jiaoxie,SODIUM MONOFLUOROPHOSPHATE
583,Albert,Boyd,aboydg6@twitpic.com,Fálanna,Fluoride
584,Brandon,Butler,bbutlerg7@house.gov,Marki,MAGNESIUM HYDROXIDE
585,Nicholas,Baker,nbakerg8@ucsd.edu,Motong,Trisodium Citrate dihydrate
586,Amanda,Murphy,amurphyg9@icio.us,Mojo,Gabapentin
587,Michelle,Mason,mmasonga@webmd.com,Ibirataia,"Acetaminophen, Dextromethorphan Hydrobromide, Doxylamine Succinate"
588,Shirley,Lynch,slynchgb@weibo.com,Lucheng,Amlodipine Besylate
589,Frank,Thompson,fthompsongc@altervista.org,Tlumačov,Citalopram Hydrobromide
590,Aaron,Myers,amyersgd@squidoo.com,Yancheng,Calcium carbonate
591,Eugene,Chavez,echavezge@comcast.net,Sertânia,Azathioprine
592,Harold,Porter,hportergf@csmonitor.com,Lyubech,Fluoride Anticavity Toothpaste
593,Kelly,Lane,klanegg@tripod.com,Mġarr,cetirizine Hydrochloride
594,Julia,Robinson,jrobinsongh@irs.gov,Da’an,"cocoa butter, phenylephrine HCl"
595,Ernest,Gutierrez,egutierrezgi@imdb.com,Zvenyhorodka,Estradiol and Norethindrone Acetate
596,Wanda,Dixon,wdixongj@1688.com,Paracuru,Gabapentin
597,Benjamin,Brooks,bbrooksgk@cdc.gov,Rogowo,Prostrate Booster
598,Anna,Cole,acolegl@ed.gov,Camangcamang,Donepezil Hydrochloride
599,Phyllis,Simpson,psimpsongm@de.vu,Cẩm Phả,Ziprasidone Hydrochloride
600,Anne,Fernandez,afernandezgn@bigcartel.com,Mursaba,MENTHOL
601,Kevin,Dean,kdeango@1und1.de,Daxi,Lidocaine 5%
602,Jeffrey,Greene,jgreenegp@cbslocal.com,Suidong,Protriptyline Hydrochloride
603,Shirley,Mitchell,smitchellgq@theguardian.com,Amparafaravola,Ibuprofen
604,Jose,Fuller,jfullergr@goodreads.com,Santa Cruz de Yojoa,Fluconazole
605,Cheryl,Torres,ctorresgs@umn.edu,Açucena,Metoprolol Tartrate
606,Wayne,Mendoza,wmendozagt@last.fm,Lương Bằng,"OCTINOXATE, TITANIUM DIOXIDE, and ZINC OXIDE"
607,Angela,Carpenter,acarpentergu@ask.com,Xinfeng,RISEDRONATE SODIUM
608,Thomas,Hayes,thayesgv@shareasale.com,Jiaozuo,Acetaminophen
609,Sean,Campbell,scampbellgw@accuweather.com,Sumberdadi,Acetaminophen
610,Louise,Howard,lhowardgx@myspace.com,Itaquaquecetuba,Wingscale
611,Lillian,Cunningham,lcunninghamgy@miibeian.gov.cn,Yangzi,Clorazepate Dipotassium
612,Thomas,Nelson,tnelsongz@topsy.com,Burgos,Ondansetron Hydrochloride
613,Martin,Riley,mrileyh0@omniture.com,Sinfra,Treatment Set TS342155
614,Beverly,Riley,brileyh1@mlb.com,Pamotan,Cladosporium cladosporioides
615,Debra,Berry,dberryh2@virginia.edu,Adolfo Lopez Mateos,"CALCIUM CARBONATE, POTASSIUM BICARBONATE, SODIUM BICARBONATE"
616,Samuel,Schmidt,sschmidth3@gov.uk,Bagadó,Spironolactone
617,Patrick,Tucker,ptuckerh4@ihg.com,Banjar Petak,HYDROMORPHONE HYDROCHLORIDE
618,Deborah,Ramirez,dramirezh5@washington.edu,Shelabolikha,ENALAPRIL MALEATE
619,Ann,Black,ablackh6@oracle.com,Gaoqiao,flecainide acetate
620,Brandon,Lane,blaneh7@admin.ch,Sungairaya,Aluminum Chlorohydrate
621,Doris,Hawkins,dhawkinsh8@nydailynews.com,San Francisco,BENZTROPINE MESYLATE
622,Frances,Adams,fadamsh9@123-reg.co.uk,Tankhoy,donepezil hydrochloride
623,Chris,Williamson,cwilliamsonha@ameblo.jp,Ban Mo,METHYL SALICYLATE
624,Jesse,Wheeler,jwheelerhb@tamu.edu,Komyshany,"Arnica montana, Cactus grandiflorus, Capsicum annuum, Spigelia anthelmia, Digitalis purpurea, Kali phosphoricum, Laurocerasus, Tabacum,"
625,George,Gordon,ggordonhc@ameblo.jp,Contraalmirante Cordero,SOFOSBUVIR
626,Judy,Reed,jreedhd@usda.gov,Pliska,Polyethylene Glycol 400 and Propylene Glycol
627,Jonathan,Cook,jcookhe@dagondesign.com,Narathiwat,Triclosan
628,Mary,Burton,mburtonhf@trellian.com,Kant,Fluconazole
629,Ralph,Burton,rburtonhg@theguardian.com,Arcos de Valdevez,Hydrocortisone Acetate
630,Larry,Rodriguez,lrodriguezhh@opera.com,Vellinge,Senna and Docusate Sodium
631,Thomas,Dunn,tdunnhi@patch.com,Dallas,Acetaminophen
632,Shawn,Harrison,sharrisonhj@omniture.com,Austin,Amoxicillin and Clavulanate Potassium
633,Ronald,Campbell,rcampbellhk@china.com.cn,Figueiredo,Nicotine Polacrilex
634,Kathleen,Johnson,kjohnsonhl@yahoo.co.jp,Obita,ERYTHROMYCIN
635,Frank,Payne,fpaynehm@youtu.be,Sacramento,ETHYL ALCOHOL
636,Jeremy,Fowler,jfowlerhn@indiatimes.com,Aygeshat,ALCOHOL
637,Kelly,Miller,kmillerho@gravatar.com,Xiaojing,"Damiana, Galium aparine, Glandula suprarenalis bovinum, Hepar bovinum, Korean ginseng, Nuphar luteum, Orchitinum bovinum, Phosphoricum acidum, Pituitary bovinum, Populus tremuloides, Testosterone,"
638,Martha,Gonzalez,mgonzalezhp@umich.edu,Bengga,Bicalutamide
639,Rebecca,Bradley,rbradleyhq@ucoz.com,Deqing,galantamine hydrobromide
640,Stephanie,Hudson,shudsonhr@mapquest.com,Hepu,METFORMIN HYDROCHLORIDE
641,Elizabeth,Johnston,ejohnstonhs@google.cn,Lhuentse,Fluoxetine
642,Eugene,Ford,efordht@gov.uk,Almelo,Hydrochlorothiazide
643,Dorothy,Burke,dburkehu@redcross.org,Xiangdong,Prednisone
644,Arthur,Powell,apowellhv@artisteer.com,Xinshi,Folic Acid
645,Theresa,Price,tpricehw@walmart.com,Sanxing,OXYGEN
646,Benjamin,Parker,bparkerhx@fotki.com,Karlskoga,zidovudine
647,Brian,Woods,bwoodshy@miitbeian.gov.cn,Quangang,Cedar Elm
648,Diana,Cole,dcolehz@parallels.com,Shishan,Chloroxylenol
649,Lillian,Brown,lbrowni0@opensource.org,Qinghua,Nicotine Polacrilex
650,Gregory,Sanders,gsandersi1@google.es,Kuala Lumpur,Crab Xiphosurus sowerbyi
651,Howard,Bradley,hbradleyi2@delicious.com,Amnat Charoen,"BENZALKONIUM CHLORIDE, LIDOCAINE"
652,Jimmy,Butler,jbutleri3@howstuffworks.com,Jagupit,"Avobenzone, Homosalate, Octisalate, Octocrylene, Oxybenzone"
653,Robert,Moreno,rmorenoi4@mit.edu,Río Cauto,Midodrine Hydrochloride
654,Dennis,Robertson,drobertsoni5@ox.ac.uk,Shatian,ONDANSETRON
655,Edward,Anderson,eandersoni6@acquirethisname.com,Argayash,Lovastatin
656,Bonnie,Morris,bmorrisi7@amazonaws.com,Stamboliyski,Zolmitriptan
657,Anna,Watkins,awatkinsi8@flavors.me,Sukaraja,Acetaminophen
658,Robert,Ray,rrayi9@msn.com,Novopodrezkovo,"OCTINOXATE, OCTOCRYLENE, and TITANIUM DIOXIDE"
659,Andrea,Jacobs,ajacobsia@i2i.jp,Wilamowice,Human Immunoglobulin G
660,Louise,Bishop,lbishopib@sohu.com,Bicesse,"Acetaminophen, Chlorpheniramine Maleate, Dextromethorphan Hydrobromide, and Phenylephrine Hydrochloride"
661,Mary,Bradley,mbradleyic@omniture.com,Lubao,Diphenhydramine HCl
662,Gloria,Hart,ghartid@creativecommons.org,Phú Lộc,TITANIUM DIOXIDE and ZINC OXIDE
663,Diane,Jacobs,djacobsie@home.pl,Veiga,oxaliplatin
664,Stephen,Larson,slarsonif@yahoo.co.jp,Varginha,"acetaminophen, dextromethorphan hydrobromide, guaifenesin, and phenylephrine hydrochloride"
665,Jacqueline,Little,jlittleig@blogspot.com,Campos,Ofloxacin
666,Katherine,Warren,kwarrenih@java.com,El Doncello,ALCOHOL
667,Adam,Stanley,astanleyii@trellian.com,Pando,"Methenamine, Sodium Phosphate, Monobasic, Monohydrate, Phenyl Salicylate, Methylene Blue, and Hyoscyamine Sulfate"
668,Douglas,Cook,dcookij@howstuffworks.com,Boli,Clotrimazole
669,Carl,Murray,cmurrayik@free.fr,Rajal Norte,Octinoxate and Oxybenzone
670,Louis,Campbell,lcampbellil@pen.io,Dadong,Benzethonium Chloride
671,Frank,Frazier,ffrazierim@ed.gov,Verona,Hydrocodone Bitartrate And Acetaminophen
672,William,Miller,wmillerin@sourceforge.net,Kristinehamn,Zinc Oxide
673,Christine,Fuller,cfullerio@t.co,Skomielna Czarna,NITROGEN
674,Phillip,Morgan,pmorganip@is.gd,Kozhanka,Hydroxychloroquine Sulfate
675,Betty,Hunt,bhuntiq@163.com,Néa Smýrni,"Titanium Dioxide, OCTINOXATE, Zinc Oxide, OCTISALATE"
676,Walter,Cole,wcoleir@surveymonkey.com,Yushugou,Hydrocodone Bitartrate And Acetaminophen
677,Walter,Tucker,wtuckeris@csmonitor.com,Coronda,Clindamycin Hydrochloride
678,Jack,Wagner,jwagnerit@senate.gov,Chuzhou,Leucovorin Calcium
679,Thomas,Lynch,tlynchiu@nih.gov,Shigu,mitoXANTRONE
680,Tammy,Moore,tmooreiv@slate.com,General Guido,Pyrithione Zinc
681,Tammy,Spencer,tspenceriw@opensource.org,Sifangxi,Pyrithione Zinc
682,Jeffrey,Hansen,jhansenix@51.la,Karangparwa,Ailanthus
683,Annie,Watson,awatsoniy@lycos.com,Siyabuswa,Calamine and Zinc Oxide and Phenol
684,Samuel,Scott,sscottiz@icq.com,Wuying,Ranitidine
685,Ryan,Oliver,roliverj0@msn.com,Anren Chengguanzhen,Nabumetone
686,Bonnie,Torres,btorresj1@people.com.cn,Jasienica Rosielna,OCTINOXATE and OXYBENZONE
687,Dennis,Weaver,dweaverj2@cam.ac.uk,Bù Đốp,Avobenzone and Octinoxate
688,Jeremy,James,jjamesj3@booking.com,Ansheng,Sudan Grass
689,Jennifer,Gray,jgrayj4@npr.org,Xianyan,"BENZALKONIUM CHLORIDE, LIDOCAINE"
690,Rose,Kim,rkimj5@rakuten.co.jp,Sosnovoborsk,Tobramycin Sulfate
691,Rose,Nelson,rnelsonj6@reddit.com,Caohe,AMINOCAPROIC ACID
692,Heather,Medina,hmedinaj7@walmart.com,Kedungwungu,Acetaminophen
693,Wanda,Roberts,wrobertsj8@msu.edu,Nanyang,Clindamycin Phosphate
694,Jose,Nguyen,jnguyenj9@comsenz.com,Dębowa Łąka,IBUTILIDE FUMARATE
695,Irene,Crawford,icrawfordja@smh.com.au,Oslo,Bupropion Hydrochloride
696,Juan,Stanley,jstanleyjb@themeforest.net,Alderetes,OTC SKIN PROTECTANT DRUG PRODUCTS
697,Arthur,Weaver,aweaverjc@networksolutions.com,Nkayi,OCTINOXATE and TITANIUM DIOXIDE
698,Ruth,Carr,rcarrjd@wufoo.com,Krajan,Oak Red
699,Joe,Fisher,jfisherje@rakuten.co.jp,Sallins,Diphenhydramine Hydrochloride
700,Lillian,Robertson,lrobertsonjf@nsw.gov.au,Qitao,"Titanium Dioxide, Zinc Oxide"
701,Kevin,Hayes,khayesjg@ustream.tv,Alor Star,SULFUR
702,Eugene,Watson,ewatsonjh@networksolutions.com,Dzhiginka,Octinoxate and Titanium dioxide
703,Kimberly,Burke,kburkeji@pcworld.com,Vuka,Hydrocortisone Valerate
704,Stephen,Williamson,swilliamsonjj@paypal.com,Erie,ALCOHOL
705,Denise,Diaz,ddiazjk@ning.com,Thị Trấn Vạn Hà,risperidone
706,Judy,Holmes,jholmesjl@jimdo.com,Reguengos de Monsaraz,ketoconazole
707,Eugene,Dean,edeanjm@instagram.com,Tvøroyri,Gabapentin
708,Paula,Martin,pmartinjn@acquirethisname.com,Siluman,Brussels Sprout
709,Barbara,Hughes,bhughesjo@washington.edu,Chamalières,morphine sulfate
710,Jesse,Moreno,jmorenojp@tiny.cc,Muara,"Dextromethorphan Hydrobromide, Guaifenesin, Phenylephrine Hydrochloride"
711,Carlos,Collins,ccollinsjq@vimeo.com,Intendente Alvear,LIDOCAINE HYDROCHLORIDE
712,Walter,Henry,whenryjr@ed.gov,Gorodets,Acetaminophen
713,Ryan,Gilbert,rgilbertjs@cbslocal.com,San Rafael,adenosine
714,Martin,Willis,mwillisjt@pbs.org,Cambanugoy,Oxycodone and Acetaminophen
715,Rebecca,Hanson,rhansonju@house.gov,Laventille,Goose Feather
716,Virginia,Simpson,vsimpsonjv@washingtonpost.com,Wujia,"ascorbic acid, cholecalciferol, .alpha.-tocopherol, d-, pyridoxine hydrochloride, folic acid, biotin, calcium carbonate, docusate calcium, ferrous fumarate and doconexent"
717,Joe,Mills,jmillsjw@squidoo.com,Bokor,Oxybutynin Chloride
718,Fred,Garrett,fgarrettjx@posterous.com,Teknāf,Flumazenil
719,Bruce,Gordon,bgordonjy@moonfruit.com,Pakham,Desmopressin acetate
720,Donald,Lee,dleejz@fotki.com,Dongba,levofloxacin
721,Julia,Parker,jparkerk0@canalblog.com,Rostov,cefuroxime
722,Lawrence,Lane,llanek1@wikispaces.com,Xiancun,"CALENDULA OFFICINALIS, ECHINACEA ANGUSTIFOLIA, HYPERICUM PERFORATUM, PHYTOLACCA DECANDRA, CANTHARIS, SULPHUR"
723,Anthony,Torres,atorresk2@reddit.com,Cabiao,"Dextromethorphan HBr, Guaifenesin"
724,Theresa,Gray,tgrayk3@chronoengine.com,Ciputat,Macrodantin
725,Diana,Gardner,dgardnerk4@merriam-webster.com,Charlotte,Hymenoptera Venom Diagnostic
726,Louis,Mills,lmillsk5@salon.com,Labrador City,Ibuprofen
727,Julia,Hamilton,jhamiltonk6@privacy.gov.au,Kempele,Felodipine
728,Beverly,Robinson,brobinsonk7@shop-pro.jp,Kryva Hora,olmesartan medoxomil
729,Roy,Thompson,rthompsonk8@nsw.gov.au,Xibing,Lidocaine Hydrochloride
730,Randy,Hansen,rhansenk9@example.com,Nankeng,Salsalate
731,Arthur,Sims,asimska@github.com,Westonaria,SALICYLIC ACID
732,Karen,Watson,kwatsonkb@marketwatch.com,Cipanas,"Antihemophilic Factor, Human Recombinant"
733,Ernest,Chavez,echavezkc@diigo.com,Gongyi,ISOPROPYL ALCOHOL
734,Lillian,Shaw,lshawkd@sciencedaily.com,Sakura,Fludrocortisone Acetate
735,Stephanie,Olson,solsonke@yahoo.com,Huoshaoping,ketorolac tromethamine
736,Ruth,Warren,rwarrenkf@themeforest.net,Dolní Dunajovice,haloperidol
737,Donald,Watson,dwatsonkg@github.com,El Cocuy,spironolactone and hydrochlorothiazide
738,Rebecca,King,rkingkh@amazon.com,Nongba,Quetiapine Fumarate
739,Julia,Wood,jwoodki@google.co.jp,Minchinābād,Rhodotorula mucilaginosa
740,Bobby,Mendoza,bmendozakj@domainmarket.com,Cankuzo,SODIUM MONOFLUOROPHOSPHATE
741,Paul,Banks,pbankskk@t.co,Emiliano Zapata,dicyclomine hydrochloride
742,Nancy,Daniels,ndanielskl@tuttocitta.it,Bearna,Ibuprofen
743,Victor,Morrison,vmorrisonkm@fema.gov,Makhalino,"acetaminophen, dextromethorphan hydrobromide, doxylamine succinate"
744,Denise,Bradley,dbradleykn@pcworld.com,Miguel Pereira,Dimethicone
745,Christine,Schmidt,cschmidtko@e-recht24.de,Zhujiatai,Hydrocortisone
746,Gary,Griffin,ggriffinkp@ask.com,Praingkareha,lorazepam
747,Paul,Moreno,pmorenokq@usa.gov,Sundsvall,Loperamide Hydrochloride
748,Martha,Stone,mstonekr@jiathis.com,Munka-Ljungby,Panthenol
749,Timothy,Carter,tcarterks@mit.edu,Águas Vermelhas,"Acetaminophen, Dexbrompheniramine"
750,Jessica,Sullivan,jsullivankt@tamu.edu,Baume-les-Dames,Hydrocodone Bitartrate and Acetaminophen
751,Joan,Fernandez,jfernandezku@opensource.org,Karangjaladri,Trout
752,Antonio,Ross,arosskv@yolasite.com,Badulla,"Dextromethorphan HBr, Guaifenesin"
753,Jerry,Perry,jperrykw@newsvine.com,Jibu Hulangtu,Menthol
754,Sandra,Garrett,sgarrettkx@phoca.cz,Makapanstad,canagliflozin and metformin hydrochloride
755,Susan,Hill,shillky@bbb.org,El Chol,Salsalate
756,Richard,Jones,rjoneskz@hhs.gov,Žrnovnica,Alcohol
757,James,Rodriguez,jrodriguezl0@aboutads.info,Lanzhong,Fluocinolone Acetonide
758,Christine,Pierce,cpiercel1@sciencedirect.com,Kralupy nad Vltavou,Gerbil Epithelium
759,Virginia,Harper,vharperl2@ameblo.jp,Langtang,Schinus molle
760,Jane,Hicks,jhicksl3@upenn.edu,Fort Smith,Zinc Oxide
761,Chris,Lane,clanel4@disqus.com,Vsevolozhsk,risperidone
762,Phillip,Lewis,plewisl5@istockphoto.com,New Haven,Guaifenesin
763,Deborah,Evans,devansl6@bloglovin.com,Albina,"Avobenzone, Octinoxate, Octisalate"
764,Jason,Reed,jreedl7@eventbrite.com,Andradina,Nortriptyline Hydrochloride
765,Jane,Sullivan,jsullivanl8@elpais.com,Mpumalanga,FENOFIBRATE
766,Michelle,Lewis,mlewisl9@japanpost.jp,Eydhafushi,Belladonna ex herba 30
767,Nicholas,Grant,ngrantla@wikimedia.org,Ankou,ALUMINUM CHLOROHYDRATE
768,Christina,Wood,cwoodlb@wp.com,Henglu,SODIUM FLUORIDE
769,Joe,Morris,jmorrislc@salon.com,Angkup,Cyclobenzaprine Hydrochloride
770,Charles,Ruiz,cruizld@mozilla.com,Victoria,ALCOHOL
771,Susan,Fox,sfoxle@studiopress.com,Iguape,DEXTROMETHORPHAN HYDROBROMIDE
772,Larry,Brown,lbrownlf@newsvine.com,Novosheshminsk,"Dextromethorphan HBr, Guaifenesin"
773,Virginia,Bailey,vbaileylg@house.gov,Santa Cruz da Graciosa,Aorta 6 Special Order
774,Joyce,Lawson,jlawsonlh@webnode.com,Tierp,Oxycodone and Acetaminophen
775,Shirley,Stevens,sstevensli@mtv.com,Kangin,SILICEA
776,Alan,Rivera,ariveralj@ucoz.com,Itarana,Enoxaparin Sodium
777,Michael,Williamson,mwilliamsonlk@booking.com,Huaitu,Cultivated Wheat
778,Terry,Coleman,tcolemanll@theguardian.com,Kristiansand S,Cefaclor
779,Denise,Howard,dhowardlm@paginegialle.it,Xiliguantun,Loxapine
780,Beverly,Harrison,bharrisonln@photobucket.com,Antwerpen,"Octinoxate, Homosalate, Oxybenzone, Avobenzone"
781,Douglas,George,dgeorgelo@friendfeed.com,Piterka,Acetaminophen
782,Patricia,Thomas,pthomaslp@ustream.tv,Gómfoi,Albuterol Sulfate
783,Andrew,Gray,agraylq@guardian.co.uk,Qadsīyā,acitretin
784,Janet,Murphy,jmurphylr@about.me,Xuchang,carvedilol
785,Karen,Howard,khowardls@foxnews.com,Al Jīzah,meloxicam
786,Judith,Adams,jadamslt@umn.edu,Angoulême,Guaifenesin and Dextromethorphan Hydrobromide
787,Ashley,Martin,amartinlu@sbwire.com,Loureiro,Epicoccum nigrum
788,Annie,Harrison,aharrisonlv@fotki.com,Balakhninskiy,Dimethicone
789,Walter,Butler,wbutlerlw@opera.com,Imbang,BISACODYL
790,Diana,Rodriguez,drodriguezlx@virginia.edu,Mstsislaw,"OCTINOXATE, TITANIUM DIOXIDE"
791,Jimmy,Willis,jwillisly@com.com,Manūjān,Heal Grief
792,Bruce,Crawford,bcrawfordlz@cyberchimps.com,Mabai,pioglitazone
793,Doris,Kelly,dkellym0@oakley.com,Ljubuški,Nystatin
794,Rebecca,Russell,rrussellm1@jalbum.net,Hanjiashu,Clotrimazole
795,Joyce,Wood,jwoodm2@msu.edu,Tongzha,Ibuprofen
796,Katherine,Warren,kwarrenm3@latimes.com,Xiwanzi,Calcium polycarbophil
797,Thomas,Hunt,thuntm4@dyndns.org,Karabas,Benzoyl Peroxide
798,Maria,Reyes,mreyesm5@phoca.cz,Baldone,Losartan Potassium
799,Diane,Fields,dfieldsm6@so-net.ne.jp,Ust’-Dzheguta,Petrolatum
800,Wayne,Young,wyoungm7@bravesites.com,Ituiutaba,Loratadine
801,Anne,Black,ablackm8@woothemes.com,Ostankinskiy,Ethyl Alcohol
802,Jack,Banks,jbanksm9@who.int,Long Beach,calcium carbonate
803,Roy,Stanley,rstanleyma@ning.com,Huacheng,Ethyl Alcohol
804,Deborah,Stephens,dstephensmb@google.nl,Waturoka,Venlafaxine
805,Shawn,Gardner,sgardnermc@cbslocal.com,Palma De Mallorca,Fexofenadine Hydrochloride
806,Juan,Garza,jgarzamd@cisco.com,Hayange,ETHOSUXIMIDE
807,Randy,Fisher,rfisherme@sina.com.cn,Russas,"Berberis vulgaris, Thuja occidentalis, Apis mellifica, Pulsatilla, Staphysagria, Baryta carbonica, Bryonia, Hepar sulphuris calcareum"
808,Mark,Mcdonald,mmcdonaldmf@unesco.org,Kupang,"Avobenzone, Octisalate, Octocrylene, and Oxybenzone"
809,Marie,Fernandez,mfernandezmg@chron.com,São Miguel de Machede,moexipril hydrochloride
810,Maria,Willis,mwillismh@nps.gov,Chingas,Ethyl alcohol
811,Norma,Garrett,ngarrettmi@wikispaces.com,Komprachcice,Paroxetine Hydrochloride
812,Timothy,Cruz,tcruzmj@whitehouse.gov,Nakhon Phanom,Octinoxate and Oxybenzone
813,Elizabeth,Hanson,ehansonmk@slate.com,Lembongan Kawan,MAGNESIUM SULFATE HEPTAHYDRATE
814,Brenda,Hanson,bhansonml@issuu.com,Alue Glumpang,Allscale
815,Gary,Dunn,gdunnmm@homestead.com,Książ Wielkopolski,NAPROXEN SODIUM
816,Jason,Stanley,jstanleymn@nature.com,Jiuxian,"Allium cepa, Ambrosia artemisiaefolia, Arsenicum album, Arum triphyllum, Arundo mauritanica, Euphrasia officinalis, Naphthalinum, Natrum muriaticum, Sabadilla and Wyethia helenioides"
817,Jeffrey,Sanchez,jsanchezmo@arstechnica.com,Muarabuliti,Glyburide and Metformin
818,George,Matthews,gmatthewsmp@craigslist.org,Kinloch,"Acetaminophen, Chlorpheniramine Maleate, Dextromethorphan HBr, Phenylephrine HCl"
819,Louise,Johnson,ljohnsonmq@nsw.gov.au,Umeå,Kalium aceticum comp. 6
820,Shirley,Thompson,sthompsonmr@cbc.ca,Umm Ruwaba,IRBESARTAN
821,Earl,Duncan,eduncanms@huffingtonpost.com,Stockholm,DOXORUBICIN HYDROCHLORIDE
822,Christina,Holmes,cholmesmt@istockphoto.com,Corona,polymyxin B sulfate and trimethoprim
823,Earl,Washington,ewashingtonmu@theguardian.com,Ketang,SODIUM BICARBONATE
824,Barbara,Fuller,bfullermv@squarespace.com,Prey Veng,Divalproex Sodium
825,Steve,Carroll,scarrollmw@friendfeed.com,Mehrān,"Acetaminophen, Dextromethorphan HBr, Doxylamine succinate"
826,Lois,Hunter,lhuntermx@smugmug.com,Panguipulli,PRAVASTATIN SODIUM
827,Bruce,Castillo,bcastillomy@opensource.org,Nanterre,Losartan Potassium and Hydrochlorothiazide
828,Joe,Weaver,jweavermz@businesswire.com,Trincomalee,Divalproex Sodium
829,Ann,Brown,abrownn0@cyberchimps.com,Shangyi,Guaifenesin
830,Jeremy,Nguyen,jnguyenn1@digg.com,Wuppertal,clocortolone pivalate
831,Johnny,Bowman,jbowmann2@rakuten.co.jp,Camarate,sodium fluoride
832,Gloria,Brown,gbrownn3@hc360.com,Velké Hoštice,Dronabinol
833,Sara,Green,sgreenn4@wikipedia.org,Verdun,Epicoccum nigrum
834,Barbara,Lee,bleen5@usatoday.com,Tianhe,Miconazole nitrate
835,Arthur,Thomas,athomasn6@free.fr,Rychnov nad Kněžnou,levonorgestrel
836,Cheryl,Turner,cturnern7@list-manage.com,Pak Phli,famciclovir
837,Brian,Carr,bcarrn8@cocolog-nifty.com,Düsseldorf,Miconazole Nitrate
838,Steve,Day,sdayn9@drupal.org,Bol’shoye Selo,"EUCALYPTOL, MENTHOL, METHYL SALICYLATE, THYMOL"
839,Eugene,West,ewestna@vinaora.com,Losevo,Temozolomide
840,Randy,Little,rlittlenb@europa.eu,Miaoshi,"CHLORDIAZEPOXIDE HYDROCHLORIDE, CLIDINIUM BROMIDE"
841,Joyce,Carter,jcarternc@google.pl,Budapest,Ibuprofen
842,Kimberly,Graham,kgrahamnd@illinois.edu,Milano,Ibuprofen
843,Shawn,Matthews,smatthewsne@lycos.com,Lunik,Goose Feathers
844,Antonio,Johnston,ajohnstonnf@gmpg.org,Manolo Fortich,Niacin
845,Gerald,Anderson,gandersonng@epa.gov,Chuquitira,witch hazel
846,Linda,Harrison,lharrisonnh@addthis.com,Ostružnica,SALICYLIC ACID
847,Chris,Day,cdayni@opera.com,Paitan Este,Pseudoephedrine Hydrochloride
848,Shawn,Fox,sfoxnj@wunderground.com,Río Pico,Belladonna
849,Alice,Foster,afosternk@friendfeed.com,Kraczkowa,SPF4 Cherry Lip Balm
850,Brian,Woods,bwoodsnl@1688.com,Kafr Zaytā,"Dextromethorphan HBr, Doxylamine succinate"
851,Rebecca,Larson,rlarsonnm@aol.com,Sandy Bay,captopril
852,Gregory,Baker,gbakernn@aol.com,Daejeon,"Adrenalinum, Chelidonium majus, Cucurbita pepo semen, Hsitaminum hydrochloricum, Hydrastis canadensis, Ricinus communis, sabadilla"
853,Rachel,Kim,rkimno@ca.gov,Tomaszów Lubelski,Triazolam
854,Pamela,Gutierrez,pgutierreznp@example.com,Sotouboua,Nicotine Polacrilex
855,Ruth,Warren,rwarrennq@buzzfeed.com,As Suwaydā,Benzethonium Chloride
856,Carlos,Martinez,cmartineznr@twitpic.com,Piritiba,Gentamicin Sulfate
857,Bonnie,Berry,bberryns@yale.edu,Mao,valacyclovir hydrochloride
858,Matthew,Richards,mrichardsnt@hud.gov,Saint Louis,Clonidine Hydrochloride
859,Douglas,Woods,dwoodsnu@ucoz.ru,Al Jumūm,Pyrithione Zinc
860,Matthew,Richardson,mrichardsonnv@pagesperso-orange.fr,Horta,BENZALKONIUM CHLORIDE
861,Arthur,Diaz,adiaznw@surveymonkey.com,Bulasa,Isopropyl Alcohol
862,Stephanie,Watkins,swatkinsnx@berkeley.edu,Thị Trấn Phù Yên,MAGNESIUM HYDROXIDE
863,Joyce,Rose,jroseny@japanpost.jp,San Ramón,Methylprednisolone Acetate
864,Jesse,Hall,jhallnz@unesco.org,Owode,acyclovir
865,Janice,Mitchell,jmitchello0@addthis.com,Santa Clara,DOCUSATE SODIUM
866,Harry,Nguyen,hnguyeno1@sfgate.com,Furongqiao,AZITHROMYCIN
867,Roy,Graham,rgrahamo2@java.com,Zishan,Mycophenolate Mofetil
868,Joshua,Kennedy,jkennedyo3@umich.edu,Gornji Petrovci,LOPERAMIDE HYDROCHLORIDE
869,Arthur,Murphy,amurphyo4@imgur.com,Alanga,Spironolactone
870,Annie,Ortiz,aortizo5@flavors.me,Congonhas,"Acetaminophen, Chlorpheniramine maleate, Dextromethorphan HBr, Phenylephreine HCI"
871,Bruce,Vasquez,bvasquezo6@phpbb.com,Buenos Aires,"AVOBENZONE, HOMOSALATE, OCTOCRYLENE, OXYBENZONE"
872,Gary,Hudson,ghudsono7@ibm.com,Zhaogezhuang,Sodium Fluoride
873,Dorothy,Sanders,dsanderso8@google.pl,João Pinheiro,Alprostadil
874,Gary,Peterson,gpetersono9@paypal.com,Mingyu,Fluocinonide
875,Henry,Lawrence,hlawrenceoa@artisteer.com,Kunri,Doxorubicin Hydrochloride
876,George,Simpson,gsimpsonob@cbc.ca,Tiblawan,Dextromethorphan Polistirex
877,Lois,Austin,laustinoc@barnesandnoble.com,Orange,carbidopa and levodopa
878,Julia,Hamilton,jhamiltonod@goodreads.com,Kęsowo,"TITANIUM DIOXIDE, ZINC OXIDE"
879,Lisa,Banks,lbanksoe@japanpost.jp,Billdal,Phosphorus 30 Special Order
880,Joyce,Daniels,jdanielsof@npr.org,Nueva Cajamarca,Diphenhydramine HCl
881,Beverly,Matthews,bmatthewsog@comcast.net,Tonghae,Aurum 6
882,Jesse,Woods,jwoodsoh@miitbeian.gov.cn,El Realejo,Bacitracin
883,Ronald,Richards,rrichardsoi@java.com,Manchester,Lovastatin
884,Phillip,Dunn,pdunnoj@epa.gov,San Pedro Carchá,Gabapentin
885,Keith,Smith,ksmithok@photobucket.com,Salamwates,CLADOSPORIUM SPHAEROSPERMUM
886,Walter,Schmidt,wschmidtol@imgur.com,Narvacan,Black Locust
887,Jennifer,Hall,jhallom@trellian.com,Jacareí,Ethyl Alcohol
888,Jonathan,Wheeler,jwheeleron@360.cn,Xiasha,"Acetaminophen, Dextromethorphan Hydrobromide, Doxylamine Succinate, Phenylephrine Hydrochloride"
889,Ruby,Howard,rhowardoo@tripadvisor.com,Sidoaji,Benzalkonium Chloride
890,Kevin,Lopez,klopezop@unesco.org,Pyt-Yakh,"Acetaminophen, Dextromethorphan HBr, Doxylamine succinate"
891,Denise,Williams,dwilliamsoq@ycombinator.com,Amagasaki,Dextromethorphan Hydrobromide
892,Aaron,Thomas,athomasor@blogspot.com,Luntai,Eucalyptol
893,George,Romero,gromeroos@qq.com,Outapi,reteplase
894,Helen,Adams,hadamsot@cornell.edu,Marianowo,Dextromethorphan Hydrobromide and Guaifenesin
895,Shirley,Green,sgreenou@yandex.ru,Águas,NICOTINE
896,Jerry,George,jgeorgeov@paypal.com,Mollās̄ānī,ziprasidone hydrochloride
897,Clarence,Owens,cowensow@cornell.edu,Datar,Octocrylene and Octinoxate
898,Peter,Frazier,pfrazierox@blog.com,Kayakent,Citalopram
899,Alan,Harper,aharperoy@vk.com,Cigebrok,Oxygen
900,Aaron,Robertson,arobertsonoz@yellowbook.com,Mwene-Ditu,Ibuprofen
901,Joyce,Murray,jmurrayp0@toplist.cz,Mineralni Bani,Octinoxate and Oxybenzone
902,Jimmy,Harrison,jharrisonp1@sohu.com,Sanquan,Prochlorperazine Maleate
903,Diana,Clark,dclarkp2@aol.com,Betong,HORSE EPITHELIA
904,James,Howell,jhowellp3@pagesperso-orange.fr,Huaribamba,Citalopram Hydrobromide
905,Jane,Martinez,jmartinezp4@google.com.au,Suphan Buri,CARBOplatin
906,Irene,Meyer,imeyerp5@slideshare.net,Valle de La Pascua,Guaifenesin
907,Howard,Walker,hwalkerp6@paypal.com,Koesan,Octinoxate and Titanium Dioxide
908,Daniel,Bryant,dbryantp7@si.edu,Paitan,Menthol and Histamine Dihydrochloride
909,Scott,Morgan,smorganp8@ucoz.com,Tanda,Methadone Hydrochloride
910,Jason,Rogers,jrogersp9@buzzfeed.com,Fengmu,diphenhydramine hydrochloride and zinc acetate
911,Scott,Howell,showellpa@cloudflare.com,Chamni,"ENSULIZOLE, OCTINOXATE, and TITANIUM DIOXIDE"
912,Aaron,West,awestpb@ft.com,Campo Grande,METOPROLOL TARTRATE
913,Johnny,White,jwhitepc@about.me,Santa Ana,"colistin sulfate, neomycin sulfate, thonzonium bromide, and hydrocortisone acetate"
914,Patricia,Palmer,ppalmerpd@statcounter.com,Yumani,"Agnus, Aralia quinquefolia, Baryta carb., Berber. vulg., Bryonia, Caladium seguinum, Cantharis, Causticum, Chelidonium majus, Cinchona, Conium, Gaultheria procumbens, Graphites, Kali carb., Lycopodium, Nux vom., Onosmodium virginianum, Phosphorus, Sabal, Selenium, Sepia, Silicea, Staphysag., Hydrastis, Thuja occ"
915,Gerald,Shaw,gshawpe@bandcamp.com,Calmar,alprazolam
916,Howard,Medina,hmedinapf@delicious.com,Dalianwan,"OCTINOXATE, TITANIUM DIOXIDE"
917,Kelly,Ford,kfordpg@ifeng.com,Maliuzui,glipizide
918,Brenda,Elliott,belliottph@hibu.com,Urjala,Birch White
919,Robert,Vasquez,rvasquezpi@springer.com,Quillo,Zonisamide
920,Janet,Hawkins,jhawkinspj@cam.ac.uk,Yanagawa,Atenolol
921,Shirley,Perez,sperezpk@miibeian.gov.cn,Lancheng,LORAZEPAM
922,Carolyn,Perkins,cperkinspl@nationalgeographic.com,Liangshuihe,oxybutynin chloride
923,George,Coleman,gcolemanpm@pbs.org,Quyangqiao,Fenofibric Acid
924,Elizabeth,Smith,esmithpn@dion.ne.jp,Lingyang,Methocarbamol
925,Terry,Richards,trichardspo@imgur.com,Queimados,gadodiamide
926,Theresa,Ryan,tryanpp@virginia.edu,Simpang,lactulose
927,Frances,Ellis,fellispq@cmu.edu,Ransang,Levofloxacin
928,Robert,Watson,rwatsonpr@nbcnews.com,Bardaskan,Mepivacaine Hydrochloride
929,Tina,Bennett,tbennettps@dion.ne.jp,Stockholm,ciclesonide
930,Jose,Burns,jburnspt@tripadvisor.com,Krzynowłoga Mała,"Stillingia Sylvatica, Zincum Gluconicum, Thiaminum Hydrochloricum, Fragaria Vesca, Niacin, Serotonin, 5-Hydroxtryptophan, Betainum Muriaticum, Biotin, Cholinum, Co-Enzyme Q-10, DL-Methionine, L-Alanine, Cysteinum,"
931,Carolyn,Ramirez,cramirezpu@odnoklassniki.ru,Saurama,Diltiazem Hydrochloride
932,Sharon,Castillo,scastillopv@rakuten.co.jp,Muramatsu,Methylene Blue
933,Wanda,Brooks,wbrookspw@unblog.fr,Kebonkaret,Yellow Pine
934,Juan,Kennedy,jkennedypx@noaa.gov,Juntang,oxymetazoline hydrochloride
935,Joe,Barnes,jbarnespy@salon.com,Tenancingo,Nitroglycerin
936,Paul,Castillo,pcastillopz@lycos.com,Quimper,Etodolac
937,Steve,Henry,shenryq0@ow.ly,Zongluzui,ETHYL ALCOHOL
938,Martha,Parker,mparkerq1@shop-pro.jp,Salawu,dimethyl fumarate
939,Janet,Fields,jfieldsq2@people.com.cn,Xiaocheng,Timolol
940,Bobby,Perkins,bperkinsq3@de.vu,Amman,Fenofibrate
941,Carlos,Wilson,cwilsonq4@si.edu,Tyszowce,Famotidine
942,Howard,Payne,hpayneq5@jigsy.com,Barong,lovastatin
943,Paul,Montgomery,pmontgomeryq6@naver.com,Peroguarda,"activated charcoal, ageratina aromatica root, ferrous iodide, gelsemium sempervirens root, calcium sulfide, histamine, interleukin-12 human, interferon gamma-1a, iodine, potassium gluconate, lycopodium clavatum spore, cajuput oil, black currant, rosa canina fruit, serotonin, xanthine, almond, apple, banana, barley, bean, beef, cashew, casein, emmental cultured, casein, lactococcus lactis cultured, casein, lactococcus lactis cultured aged, casein, lactococcus lactis cultured"
944,Patrick,Woods,pwoodsq7@sitemeter.com,Gafsa,Aluminum Zirconium Tetrachlorohydrex GLY
945,Tammy,Ryan,tryanq8@oracle.com,Hongshunli,silver sulfadiazine
946,Joseph,Green,jgreenq9@bloglines.com,Māwiyah,Olanzapine
947,Anna,Russell,arussellqa@chronoengine.com,Abū Ghaush,Fexofenadine Hydrochloride
948,Lisa,Reid,lreidqb@list-manage.com,Pachīr wa Āgām,ciprofloxacin
949,Andrew,Reyes,areyesqc@sphinn.com,Le Puy-en-Velay,Titanium dioxide
950,Amanda,Diaz,adiazqd@npr.org,Ar Ruḩaybah,KETOROLAC TROMETHAMINE
951,Mildred,Hawkins,mhawkinsqe@jugem.jp,Lafayette,Buspirone hydrochloride
952,Douglas,Moreno,dmorenoqf@slideshare.net,Monte Agudo,Alendronate Sodium
953,Keith,Wallace,kwallaceqg@bloglines.com,Catamayo,Clotrimazole
954,Theresa,Sullivan,tsullivanqh@weibo.com,Bandarlampung,erlotinib hydrochloride
955,Shawn,Nguyen,snguyenqi@shutterfly.com,Quetigny,Ananassa Resina
956,Nancy,Armstrong,narmstrongqj@ox.ac.uk,Vårgårda,"Dextromethorphan Hydrobromide, Pseudoephedrine Hydrochloride, Guaifensin"
957,Jennifer,Graham,jgrahamqk@mayoclinic.com,Gangu Chengguanzhen,Cefazolin Sodium
958,Joshua,Payne,jpayneql@ebay.co.uk,Lenghu,Ethyl Alcohol
959,Justin,Simpson,jsimpsonqm@zimbio.com,Yumendong,Piroxicam
960,Billy,Nguyen,bnguyenqn@google.de,Apengjiang,Amitriptyline Hydrochloride
961,Randy,Lee,rleeqo@macromedia.com,Montalegre,Miconazole nitrate
962,Betty,Ramos,bramosqp@ucsd.edu,Tanakawu Dua,OATMEAL
963,Nancy,Marshall,nmarshallqq@youtube.com,Irvine,Acetaminophen
964,Annie,Lee,aleeqr@google.com,Bolanon,Amlodipine Besylate
965,Maria,Long,mlongqs@abc.net.au,Ishiki,"Avobenzone, Octisalate, Octocrylene and Oxybenzone"
966,Diane,Gordon,dgordonqt@bizjournals.com,Mississauga,ALUMINUM ZIRCONIUM TETRACHLOROHYDREX GLY
967,Raymond,Adams,radamsqu@plala.or.jp,Shangdian,"efavirenz, emtricitabine, and tenofovir disoproxil fumarate"
968,Gerald,Morales,gmoralesqv@japanpost.jp,Yunguyo,DOCUSATE SODIUM
969,Brian,Martin,bmartinqw@yandex.ru,Nong Bua,MEGESTROL ACETATE
970,Arthur,Owens,aowensqx@intel.com,Glan,POLYVINYL ALCOHOL AND POVIDONE
971,Gregory,Reyes,greyesqy@histats.com,Nglojo,glyburide
972,Billy,Dunn,bdunnqz@forbes.com,Mežica,Menthol
973,Virginia,Alexander,valexanderr0@newyorker.com,Roissy Charles-de-Gaulle,darbepoetin alfa
974,Christine,Martin,cmartinr1@furl.net,Herval,Entacapone
975,Deborah,Frazier,dfrazierr2@istockphoto.com,Changliu,Zolmitriptan
976,Marie,Carr,mcarrr3@cargocollective.com,Tororo,temazepam
977,Patricia,Bishop,pbishopr4@yolasite.com,Xuji,Aspirin
978,Shirley,Hawkins,shawkinsr5@de.vu,Wufu,Nisoldipine
979,Raymond,Perez,rperezr6@oracle.com,Yijing,"Menthol, Methyl salicylate"
980,Beverly,Hughes,bhughesr7@symantec.com,Wufeng,Lamotrigine
981,Walter,Ortiz,wortizr8@typepad.com,Huddinge,ALOE FEROX LEAF
982,Donna,Moreno,dmorenor9@netscape.com,Tumcon Ilawod,doxycycline
983,Earl,Bishop,ebishopra@wix.com,Itabira,TERBINAFINE HYDROCHLORIDE
984,Keith,Fowler,kfowlerrb@w3.org,Nagahama,Plantain Beeswax Cough Relief
985,Lawrence,Gonzalez,lgonzalezrc@sogou.com,Sainte-Anne-de-Bellevue,ARABICA COFFEE BEAN
986,Earl,Henderson,ehendersonrd@ycombinator.com,Dubova (Driloni),DOCUSATE SODIUM
987,Bruce,Robinson,brobinsonre@shop-pro.jp,Gierłoż,diazepam
988,Tammy,Palmer,tpalmerrf@springer.com,Xinglongjie,"Avobenzone, Octinoxate, and Octisalate"
989,Ann,Banks,abanksrg@youtube.com,Khŭjand,Cyproheptadine Hydrochloride
990,Gregory,Martin,gmartinrh@toplist.cz,Kogon,metolazone
991,Heather,White,hwhiteri@canalblog.com,Antipolo,Alcohol
992,Nicholas,Butler,nbutlerrj@businesswire.com,Bosanski Brod,Anti-itch cream
993,Teresa,Martin,tmartinrk@skype.com,Jalālpur Pīrwāla,repaglinide
994,Jeffrey,Snyder,jsnyderrl@joomla.org,Mayma,"Adrenalinum, Tarentula cubensis, Aconitum nap., Arg. nit., Arsenicum alb., Baptisia, Chamomilla, Cypripedium, Digitalis, Gelsemium, Humulus, Ignatia, Impatiens glandulifera flos, Iodium, Lachesis, Lycopodium, Nat. mur., Nux vom., Scutellaria lateriflora, Staphysag., Stramonium, Theridion, Echinacea, Gingko, Hypericum, Passiflora"
995,Johnny,Brooks,jbrooksrm@opensource.org,Druya,"CALCIUM PHOSPHATE, IRON, POTASSIUM PHOSPHATE, UNSPECIFIED FORM, MAGNESIUM PHOSPHATE, DIBASIC TRIHYDRATE, and SODIUM PHOSPHATE"
996,Lori,Johnston,ljohnstonrn@dmoz.org,Dakhla,Loratadine
997,Edward,West,ewestro@nature.com,Qianchuan,flax seed
998,Roger,Elliott,relliottrp@foxnews.com,Qiaozhen,Glipizide
999,Shirley,Henderson,shendersonrq@ftc.gov,As Samawah,Diclofenac Sodium
1000,Antonio,Ross,arossrr@myspace.com,As Suwaydā,Lansoprazole
